setting,course,model,method,metric,estimate,lower,upper,n_test,n_fail,n_automatic_mean,n_automatic_min,n_automatic_max,finite_replicates
course_1,pooled,catboost,EIQ-batch,coverage,0.9391428571428572,0.9321904761904761,0.9458095238095238,2100,1034,352.0,236,575,2000
course_1,pooled,catboost,EIQ-batch,fail_coverage,0.972147001934236,0.9654907970277308,0.9783905976344689,2100,1034,352.0,236,575,2000
course_1,pooled,catboost,EIQ-batch,automatic_coverage,0.1676190476190476,0.15695238095238098,0.17847857142857143,2100,1034,352.0,236,575,2000
course_1,pooled,catboost,EIQ-batch,review_fraction,0.8323809523809524,0.8215214285714286,0.843047619047619,2100,1034,352.0,236,575,2000
course_1,pooled,catboost,EIQ-batch,singleton_error,0.35802867877338473,0.3221267050772944,0.3946454746418717,2100,1034,352.0,236,575,2000
course_1,pooled,catboost,EIQ-batch,missed_failure,0.027852998065764023,0.021609402365531095,0.034509202972269254,2100,1034,352.0,236,575,2000
course_1,pooled,catboost,EQ,coverage,0.9304761904761905,0.9227619047619047,0.9377142857142857,2100,1034,385.4,102,660,2000
course_1,pooled,catboost,EQ,fail_coverage,0.9829787234042553,0.977608880455408,0.9880398008518476,2100,1034,385.4,102,660,2000
course_1,pooled,catboost,EQ,automatic_coverage,0.18352380952380953,0.17256904761904762,0.19485714285714287,2100,1034,385.4,102,660,2000
course_1,pooled,catboost,EQ,review_fraction,0.8164761904761905,0.8051428571428572,0.8274309523809523,2100,1034,385.4,102,660,2000
course_1,pooled,catboost,EQ,singleton_error,0.3691829518033515,0.3298151909550627,0.40938098182965726,2100,1034,385.4,102,660,2000
course_1,pooled,catboost,EQ,missed_failure,0.01702127659574468,0.01196019914815241,0.02239111954459203,2100,1034,385.4,102,660,2000
course_1,pooled,catboost,MCP,coverage,0.9304761904761905,0.9227619047619047,0.9377142857142857,2100,1034,385.4,102,660,2000
course_1,pooled,catboost,MCP,fail_coverage,0.9829787234042553,0.977608880455408,0.9880398008518476,2100,1034,385.4,102,660,2000
course_1,pooled,catboost,MCP,automatic_coverage,0.18352380952380953,0.17256904761904762,0.19485714285714287,2100,1034,385.4,102,660,2000
course_1,pooled,catboost,MCP,review_fraction,0.8164761904761905,0.8051428571428572,0.8274309523809523,2100,1034,385.4,102,660,2000
course_1,pooled,catboost,MCP,singleton_error,0.3691829518033515,0.3298151909550627,0.40938098182965726,2100,1034,385.4,102,660,2000
course_1,pooled,catboost,MCP,missed_failure,0.01702127659574468,0.01196019914815241,0.02239111954459203,2100,1034,385.4,102,660,2000
course_1,pooled,logistic,EIQ-batch,coverage,0.9243809523809524,0.9158071428571429,0.9327619047619049,2100,1034,487.2,357,616,2000
course_1,pooled,logistic,EIQ-batch,fail_coverage,0.8998065764023211,0.8844725467840285,0.9147088593807343,2100,1034,487.2,357,616,2000
course_1,pooled,logistic,EIQ-batch,automatic_coverage,0.232,0.2192380952380953,0.24505,2100,1034,487.2,357,616,2000
course_1,pooled,logistic,EIQ-batch,review_fraction,0.768,0.75495,0.7807619047619048,2100,1034,487.2,357,616,2000
course_1,pooled,logistic,EIQ-batch,singleton_error,0.3281293332703278,0.2954308433207183,0.36335408397600494,2100,1034,487.2,357,616,2000
course_1,pooled,logistic,EIQ-batch,missed_failure,0.10019342359767891,0.08529114061926564,0.11552745321597145,2100,1034,487.2,357,616,2000
course_1,pooled,logistic,EQ,coverage,0.8963809523809524,0.8857142857142858,0.9067642857142856,2100,1034,624.0,303,842,2000
course_1,pooled,logistic,EQ,fail_coverage,0.9686653771760155,0.9604742500029149,0.9753589776593841,2100,1034,624.0,303,842,2000
course_1,pooled,logistic,EQ,automatic_coverage,0.29714285714285715,0.28133095238095235,0.31361904761904763,2100,1034,624.0,303,842,2000
course_1,pooled,logistic,EQ,review_fraction,0.7028571428571428,0.6863809523809523,0.7186690476190476,2100,1034,624.0,303,842,2000
course_1,pooled,logistic,EQ,singleton_error,0.3425465365811111,0.30990383222989376,0.3755133871599989,2100,1034,624.0,303,842,2000
course_1,pooled,logistic,EQ,missed_failure,0.031334622823984526,0.024641022340616048,0.039525749997085136,2100,1034,624.0,303,842,2000
course_1,pooled,logistic,MCP,coverage,0.9116190476190477,0.9023761904761904,0.9205761904761904,2100,1034,543.8,246,810,2000
course_1,pooled,logistic,MCP,fail_coverage,0.9686653771760155,0.9604742500029149,0.9753589776593841,2100,1034,543.8,246,810,2000
course_1,pooled,logistic,MCP,automatic_coverage,0.25895238095238093,0.2447595238095238,0.2735261904761905,2100,1034,543.8,246,810,2000
course_1,pooled,logistic,MCP,review_fraction,0.7410476190476191,0.7264738095238096,0.7552404761904762,2100,1034,543.8,246,810,2000
course_1,pooled,logistic,MCP,singleton_error,0.3288497205947406,0.2952379327631597,0.36460640241134995,2100,1034,543.8,246,810,2000
course_1,pooled,logistic,MCP,missed_failure,0.031334622823984526,0.024641022340616048,0.039525749997085136,2100,1034,543.8,246,810,2000
course_2,pooled,catboost,EIQ-batch,coverage,0.9561467889908257,0.9504587155963303,0.9611926605504587,2180,929,242.2,123,375,2000
course_2,pooled,catboost,EIQ-batch,fail_coverage,0.9705059203444564,0.9640738018125934,0.9765980498374865,2180,929,242.2,123,375,2000
course_2,pooled,catboost,EIQ-batch,automatic_coverage,0.11110091743119266,0.10275229357798166,0.11963302752293578,2180,929,242.2,123,375,2000
course_2,pooled,catboost,EIQ-batch,review_fraction,0.8888990825688073,0.8803669724770642,0.8972477064220183,2180,929,242.2,123,375,2000
course_2,pooled,catboost,EIQ-batch,singleton_error,0.39605514546679865,0.3537983060921685,0.43920276538150643,2180,929,242.2,123,375,2000
course_2,pooled,catboost,EIQ-batch,missed_failure,0.029494079655543595,0.023401950162513542,0.03592619818740663,2180,929,242.2,123,375,2000
course_2,pooled,catboost,EQ,coverage,0.951651376146789,0.9457798165137614,0.9571559633027522,2180,929,282.4,123,577,2000
course_2,pooled,catboost,EQ,fail_coverage,0.9466092572658773,0.9375767304412068,0.9556713479504421,2180,929,282.4,123,577,2000
course_2,pooled,catboost,EQ,automatic_coverage,0.12954128440366972,0.12109862385321099,0.13780045871559635,2180,929,282.4,123,577,2000
course_2,pooled,catboost,EQ,review_fraction,0.8704587155963303,0.8621995412844037,0.878901376146789,2180,929,282.4,123,577,2000
course_2,pooled,catboost,EQ,singleton_error,0.3832018970380817,0.34166748273138553,0.4267830137186519,2180,929,282.4,123,577,2000
course_2,pooled,catboost,EQ,missed_failure,0.05339074273412271,0.044328652049557896,0.062423269558793175,2180,929,282.4,123,577,2000
course_2,pooled,catboost,MCP,coverage,0.951651376146789,0.9457798165137614,0.9571559633027522,2180,929,282.4,123,577,2000
course_2,pooled,catboost,MCP,fail_coverage,0.9466092572658773,0.9375767304412068,0.9556713479504421,2180,929,282.4,123,577,2000
course_2,pooled,catboost,MCP,automatic_coverage,0.12954128440366972,0.12109862385321099,0.13780045871559635,2180,929,282.4,123,577,2000
course_2,pooled,catboost,MCP,review_fraction,0.8704587155963303,0.8621995412844037,0.878901376146789,2180,929,282.4,123,577,2000
course_2,pooled,catboost,MCP,singleton_error,0.3832018970380817,0.34166748273138553,0.4267830137186519,2180,929,282.4,123,577,2000
course_2,pooled,catboost,MCP,missed_failure,0.05339074273412271,0.044328652049557896,0.062423269558793175,2180,929,282.4,123,577,2000
course_2,pooled,logistic,EIQ-batch,coverage,0.9430275229357798,0.935869266055046,0.9505504587155963,2180,929,426.2,156,818,2000
course_2,pooled,logistic,EIQ-batch,fail_coverage,0.9248654467169,0.9133185766915812,0.9369594688129164,2180,929,426.2,156,818,2000
course_2,pooled,logistic,EIQ-batch,automatic_coverage,0.1955045871559633,0.18394495412844036,0.20715825688073394,2180,929,426.2,156,818,2000
course_2,pooled,logistic,EIQ-batch,review_fraction,0.8044954128440367,0.792841743119266,0.8160550458715596,2180,929,426.2,156,818,2000
course_2,pooled,logistic,EIQ-batch,singleton_error,0.30718499644634745,0.2683825407236154,0.3474868690243476,2180,929,426.2,156,818,2000
course_2,pooled,logistic,EIQ-batch,missed_failure,0.0751345532831001,0.06304053118708365,0.08668142330841881,2180,929,426.2,156,818,2000
course_2,pooled,logistic,EQ,coverage,0.9246788990825688,0.9150458715596331,0.9344036697247706,2180,929,614.2,523,667,2000
course_2,pooled,logistic,EQ,fail_coverage,0.8596340150699677,0.8400850890685363,0.8798812552434845,2180,929,614.2,523,667,2000
course_2,pooled,logistic,EQ,automatic_coverage,0.28174311926605505,0.2651376146788991,0.29761467889908255,2180,929,614.2,523,667,2000
course_2,pooled,logistic,EQ,review_fraction,0.7182568807339449,0.7023853211009174,0.7348623853211009,2180,929,614.2,523,667,2000
course_2,pooled,logistic,EQ,singleton_error,0.26686735043220017,0.23494749599783035,0.2983546570181923,2180,929,614.2,523,667,2000
course_2,pooled,logistic,EQ,missed_failure,0.1403659849300323,0.12011874475651552,0.15991491093146373,2180,929,614.2,523,667,2000
course_2,pooled,logistic,MCP,coverage,0.9332110091743119,0.9249518348623853,0.9419266055045871,2180,929,533.6,174,667,2000
course_2,pooled,logistic,MCP,fail_coverage,0.8796555435952638,0.8635951241503675,0.8962011759388138,2180,929,533.6,174,667,2000
course_2,pooled,logistic,MCP,automatic_coverage,0.24477064220183486,0.23082568807339449,0.25807568807339454,2180,929,533.6,174,667,2000
course_2,pooled,logistic,MCP,review_fraction,0.7552293577981651,0.7419243119266055,0.7691743119266055,2180,929,533.6,174,667,2000
course_2,pooled,logistic,MCP,singleton_error,0.28761676775127026,0.25370844055942066,0.3207459960171154,2180,929,533.6,174,667,2000
course_2,pooled,logistic,MCP,missed_failure,0.12034445640473627,0.10379882406118614,0.1364048758496324,2180,929,533.6,174,667,2000
iid,pooled,catboost,EIQ-batch,coverage,0.9616822429906542,0.9516355140186915,0.9705607476635514,856,392,148.0,84,263,2000
iid,pooled,catboost,EIQ-batch,fail_coverage,0.9607142857142857,0.9461322911051212,0.9744245524296675,856,392,148.0,84,263,2000
iid,pooled,catboost,EIQ-batch,automatic_coverage,0.17289719626168223,0.15560747663551402,0.1911214953271028,856,392,148.0,84,263,2000
iid,pooled,catboost,EIQ-batch,review_fraction,0.8271028037383178,0.8088785046728972,0.844392523364486,856,392,148.0,84,263,2000
iid,pooled,catboost,EIQ-batch,singleton_error,0.21858347366886677,0.16758127560948963,0.270851700268658,856,392,148.0,84,263,2000
iid,pooled,catboost,EIQ-batch,missed_failure,0.039285714285714285,0.025575447570332484,0.05386770889487869,856,392,148.0,84,263,2000
iid,pooled,catboost,EQ,coverage,0.9616822429906542,0.9516355140186915,0.9705607476635514,856,392,148.0,84,263,2000
iid,pooled,catboost,EQ,fail_coverage,0.9607142857142857,0.9461322911051212,0.9744245524296675,856,392,148.0,84,263,2000
iid,pooled,catboost,EQ,automatic_coverage,0.17289719626168223,0.15560747663551402,0.1911214953271028,856,392,148.0,84,263,2000
iid,pooled,catboost,EQ,review_fraction,0.8271028037383178,0.8088785046728972,0.844392523364486,856,392,148.0,84,263,2000
iid,pooled,catboost,EQ,singleton_error,0.21858347366886677,0.16758127560948963,0.270851700268658,856,392,148.0,84,263,2000
iid,pooled,catboost,EQ,missed_failure,0.039285714285714285,0.025575447570332484,0.05386770889487869,856,392,148.0,84,263,2000
iid,pooled,catboost,MCP,coverage,0.9616822429906542,0.9516355140186915,0.9705607476635514,856,392,148.0,84,263,2000
iid,pooled,catboost,MCP,fail_coverage,0.9607142857142857,0.9461322911051212,0.9744245524296675,856,392,148.0,84,263,2000
iid,pooled,catboost,MCP,automatic_coverage,0.17289719626168223,0.15560747663551402,0.1911214953271028,856,392,148.0,84,263,2000
iid,pooled,catboost,MCP,review_fraction,0.8271028037383178,0.8088785046728972,0.844392523364486,856,392,148.0,84,263,2000
iid,pooled,catboost,MCP,singleton_error,0.21858347366886677,0.16758127560948963,0.270851700268658,856,392,148.0,84,263,2000
iid,pooled,catboost,MCP,missed_failure,0.039285714285714285,0.025575447570332484,0.05386770889487869,856,392,148.0,84,263,2000
iid,pooled,logistic,EIQ-batch,coverage,0.960981308411215,0.9502336448598131,0.9712616822429908,856,392,134.6,66,235,2000
iid,pooled,logistic,EIQ-batch,fail_coverage,0.9683673469387756,0.9531248051745635,0.9814740785888427,856,392,134.6,66,235,2000
iid,pooled,logistic,EIQ-batch,automatic_coverage,0.1572429906542056,0.1383177570093458,0.17687499999999998,856,392,134.6,66,235,2000
iid,pooled,logistic,EIQ-batch,review_fraction,0.8427570093457943,0.8231249999999999,0.8616822429906542,856,392,134.6,66,235,2000
iid,pooled,logistic,EIQ-batch,singleton_error,0.242219815804541,0.17424561468438618,0.3124544632464232,856,392,134.6,66,235,2000
iid,pooled,logistic,EIQ-batch,missed_failure,0.03163265306122449,0.018525921411157324,0.046875194825436416,856,392,134.6,66,235,2000
iid,pooled,logistic,EQ,coverage,0.9537383177570093,0.9418224299065422,0.9649532710280372,856,392,154.0,71,235,2000
iid,pooled,logistic,EQ,fail_coverage,0.9683673469387756,0.9531248051745635,0.9814740785888427,856,392,154.0,71,235,2000
iid,pooled,logistic,EQ,automatic_coverage,0.17990654205607476,0.1598072429906542,0.20070677570093456,856,392,154.0,71,235,2000
iid,pooled,logistic,EQ,review_fraction,0.8200934579439252,0.7992932242990654,0.8401927570093457,856,392,154.0,71,235,2000
iid,pooled,logistic,EQ,singleton_error,0.2532069881414066,0.19221691754013392,0.31593466505703405,856,392,154.0,71,235,2000
iid,pooled,logistic,EQ,missed_failure,0.03163265306122449,0.018525921411157324,0.046875194825436416,856,392,154.0,71,235,2000
iid,pooled,logistic,MCP,coverage,0.9537383177570093,0.9418224299065422,0.9649532710280372,856,392,153.6,71,235,2000
iid,pooled,logistic,MCP,fail_coverage,0.9683673469387756,0.9531248051745635,0.9814740785888427,856,392,153.6,71,235,2000
iid,pooled,logistic,MCP,automatic_coverage,0.17943925233644858,0.1593457943925234,0.20023364485981307,856,392,153.6,71,235,2000
iid,pooled,logistic,MCP,review_fraction,0.8205607476635515,0.7997663551401869,0.8406542056074766,856,392,153.6,71,235,2000
iid,pooled,logistic,MCP,singleton_error,0.25390812749285263,0.19265346428396735,0.31655100114232354,856,392,153.6,71,235,2000
iid,pooled,logistic,MCP,missed_failure,0.03163265306122449,0.018525921411157324,0.046875194825436416,856,392,153.6,71,235,2000
temporal_1,pooled,catboost,EIQ-batch,coverage,0.9187590187590188,0.9096681096681095,0.9279978354978357,1386,575,306.4,219,407,2000
temporal_1,pooled,catboost,EIQ-batch,fail_coverage,0.9193043478260869,0.9053343222200295,0.9317077375946172,1386,575,306.4,219,407,2000
temporal_1,pooled,catboost,EIQ-batch,automatic_coverage,0.22106782106782108,0.20735930735930735,0.2342027417027417,1386,575,306.4,219,407,2000
temporal_1,pooled,catboost,EIQ-batch,review_fraction,0.7789321789321789,0.7657972582972583,0.7926406926406926,1386,575,306.4,219,407,2000
temporal_1,pooled,catboost,EIQ-batch,singleton_error,0.3684532134755924,0.3318823536782897,0.4053821984112374,1386,575,306.4,219,407,2000
temporal_1,pooled,catboost,EIQ-batch,missed_failure,0.08069565217391304,0.06829226240538266,0.09466567777997056,1386,575,306.4,219,407,2000
temporal_1,pooled,catboost,EQ,coverage,0.9468975468975469,0.9392496392496392,0.9542604617604618,1386,575,229.4,39,358,2000
temporal_1,pooled,catboost,EQ,fail_coverage,0.9273043478260871,0.9139253315891944,0.9396589184060722,1386,575,229.4,39,358,2000
temporal_1,pooled,catboost,EQ,automatic_coverage,0.1655122655122655,0.15353535353535355,0.17763708513708512,1386,575,229.4,39,358,2000
temporal_1,pooled,catboost,EQ,review_fraction,0.8344877344877345,0.8223629148629149,0.8464646464646465,1386,575,229.4,39,358,2000
temporal_1,pooled,catboost,EQ,singleton_error,0.32838198705663413,0.2772126954920618,0.3790866532066277,1386,575,229.4,39,358,2000
temporal_1,pooled,catboost,EQ,missed_failure,0.07269565217391304,0.06034108159392789,0.08607466841080554,1386,575,229.4,39,358,2000
temporal_1,pooled,catboost,MCP,coverage,0.9591630591630592,0.9528102453102452,0.9656565656565655,1386,575,172.8,39,279,2000
temporal_1,pooled,catboost,MCP,fail_coverage,0.9568695652173914,0.947068167312412,0.9659300701506836,1386,575,172.8,39,279,2000
temporal_1,pooled,catboost,MCP,automatic_coverage,0.12467532467532468,0.11399350649350648,0.13521284271284267,1386,575,172.8,39,279,2000
temporal_1,pooled,catboost,MCP,review_fraction,0.8753246753246753,0.8647871572871573,0.8860064935064935,1386,575,172.8,39,279,2000
temporal_1,pooled,catboost,MCP,singleton_error,0.3378121546543994,0.27710544774342755,0.3978638960310158,1386,575,172.8,39,279,2000
temporal_1,pooled,catboost,MCP,missed_failure,0.043130434782608695,0.03406992984931656,0.05293183268758821,1386,575,172.8,39,279,2000
temporal_1,pooled,logistic,EIQ-batch,coverage,0.9082251082251083,0.8962445887445888,0.9202020202020202,1386,575,419.2,176,655,2000
temporal_1,pooled,logistic,EIQ-batch,fail_coverage,0.8772173913043478,0.8572413128451553,0.896776280484169,1386,575,419.2,176,655,2000
temporal_1,pooled,logistic,EIQ-batch,automatic_coverage,0.3024531024531025,0.2855699855699856,0.3194805194805195,1386,575,419.2,176,655,2000
temporal_1,pooled,logistic,EIQ-batch,review_fraction,0.6975468975468975,0.6805194805194805,0.7144300144300144,1386,575,419.2,176,655,2000
temporal_1,pooled,logistic,EIQ-batch,singleton_error,0.31464399039364305,0.27615287054323384,0.3532286109174519,1386,575,419.2,176,655,2000
temporal_1,pooled,logistic,EIQ-batch,missed_failure,0.12278260869565216,0.1032237195158309,0.14275868715484474,1386,575,419.2,176,655,2000
temporal_1,pooled,logistic,EQ,coverage,0.9023088023088023,0.8877344877344877,0.9161616161616163,1386,575,492.0,405,606,2000
temporal_1,pooled,logistic,EQ,fail_coverage,0.8045217391304348,0.7748576739346956,0.8339829117130003,1386,575,492.0,405,606,2000
temporal_1,pooled,logistic,EQ,automatic_coverage,0.354978354978355,0.33275252525252524,0.376911976911977,1386,575,492.0,405,606,2000
temporal_1,pooled,logistic,EQ,review_fraction,0.645021645021645,0.623088023088023,0.6672474747474747,1386,575,492.0,405,606,2000
temporal_1,pooled,logistic,EQ,singleton_error,0.27234213140677016,0.23698442728163582,0.3094949127095309,1386,575,492.0,405,606,2000
temporal_1,pooled,logistic,EQ,missed_failure,0.19547826086956524,0.1660170882869998,0.22514232606530438,1386,575,492.0,405,606,2000
temporal_1,pooled,logistic,MCP,coverage,0.9092352092352093,0.8953787878787878,0.9227994227994227,1386,575,464.2,333,606,2000
temporal_1,pooled,logistic,MCP,fail_coverage,0.8128695652173913,0.7842243503584229,0.8412501573347018,1386,575,464.2,333,606,2000
temporal_1,pooled,logistic,MCP,automatic_coverage,0.3349206349206349,0.3134163059163059,0.3568578643578644,1386,575,464.2,333,606,2000
temporal_1,pooled,logistic,MCP,review_fraction,0.6650793650793652,0.6431421356421356,0.6865836940836941,1386,575,464.2,333,606,2000
temporal_1,pooled,logistic,MCP,singleton_error,0.26785618344841683,0.23123185311009628,0.30590290067174236,1386,575,464.2,333,606,2000
temporal_1,pooled,logistic,MCP,missed_failure,0.18713043478260868,0.15874984266529824,0.215775649641577,1386,575,464.2,333,606,2000
temporal_1,Accountancy,catboost,EIQ-batch,coverage,0.933049645390071,0.921418439716312,0.9443971631205674,705,314,132.8,71,178,2000
temporal_1,Accountancy,catboost,EIQ-batch,fail_coverage,0.9541401273885352,0.9414132706374087,0.9657534246575341,705,314,132.8,71,178,2000
temporal_1,Accountancy,catboost,EIQ-batch,automatic_coverage,0.18836879432624112,0.17106382978723406,0.2051063829787234,705,314,132.8,71,178,2000
temporal_1,Accountancy,catboost,EIQ-batch,review_fraction,0.8116312056737589,0.7948936170212766,0.828936170212766,705,314,132.8,71,178,2000
temporal_1,Accountancy,catboost,EIQ-batch,singleton_error,0.3468676654564453,0.2877997160130746,0.40439235136141294,705,314,132.8,71,178,2000
temporal_1,Accountancy,catboost,EIQ-batch,missed_failure,0.04585987261146497,0.03424657534246576,0.058586729362591426,705,314,132.8,71,178,2000
temporal_1,Accountancy,catboost,EQ,coverage,0.9622695035460993,0.9534751773049646,0.9707801418439717,705,314,86.6,15,133,2000
temporal_1,Accountancy,catboost,EQ,fail_coverage,0.959872611464968,0.9477404400769065,0.9707644971307761,705,314,86.6,15,133,2000
temporal_1,Accountancy,catboost,EQ,automatic_coverage,0.12283687943262411,0.10865248226950355,0.13645390070921987,705,314,86.6,15,133,2000
temporal_1,Accountancy,catboost,EQ,review_fraction,0.8771631205673759,0.8635460992907802,0.8913475177304965,705,314,86.6,15,133,2000
temporal_1,Accountancy,catboost,EQ,singleton_error,0.3139181224736921,0.23131765840071117,0.39752084879419686,705,314,86.6,15,133,2000
temporal_1,Accountancy,catboost,EQ,missed_failure,0.040127388535031845,0.029235502869223797,0.05225955992309335,705,314,86.6,15,133,2000
temporal_1,Accountancy,catboost,MCP,coverage,0.971063829787234,0.963404255319149,0.9784468085106384,705,314,67.6,15,133,2000
temporal_1,Accountancy,catboost,MCP,fail_coverage,0.9796178343949046,0.971598303911388,0.987382591346857,705,314,67.6,15,133,2000
temporal_1,Accountancy,catboost,MCP,automatic_coverage,0.09588652482269504,0.08368085106382979,0.10865248226950355,705,314,67.6,15,133,2000
temporal_1,Accountancy,catboost,MCP,review_fraction,0.904113475177305,0.8913475177304965,0.9163191489361702,705,314,67.6,15,133,2000
temporal_1,Accountancy,catboost,MCP,singleton_error,0.32419686811829135,0.22930501507029144,0.42120866053690686,705,314,67.6,15,133,2000
temporal_1,Accountancy,catboost,MCP,missed_failure,0.020382165605095544,0.012617408653143083,0.028401696088611945,705,314,67.6,15,133,2000
temporal_1,Accountancy,logistic,EIQ-batch,coverage,0.9293617021276596,0.9163049645390072,0.9427021276595744,705,314,172.0,85,277,2000
temporal_1,Accountancy,logistic,EIQ-batch,fail_coverage,0.9222929936305733,0.9026811439319455,0.9415649350649351,705,314,172.0,85,277,2000
temporal_1,Accountancy,logistic,EIQ-batch,automatic_coverage,0.24397163120567375,0.22297872340425534,0.26581560283687944,705,314,172.0,85,277,2000
temporal_1,Accountancy,logistic,EIQ-batch,review_fraction,0.7560283687943262,0.7341843971631206,0.7770212765957447,705,314,172.0,85,277,2000
temporal_1,Accountancy,logistic,EIQ-batch,singleton_error,0.2975523405539156,0.24215479920569472,0.35239017063912204,705,314,172.0,85,277,2000
temporal_1,Accountancy,logistic,EIQ-batch,missed_failure,0.07770700636942675,0.05843506493506494,0.09731885606805453,705,314,172.0,85,277,2000
temporal_1,Accountancy,logistic,EQ,coverage,0.9327659574468085,0.9182907801418438,0.9480851063829787,705,314,185.6,135,261,2000
temporal_1,Accountancy,logistic,EQ,fail_coverage,0.8770700636942674,0.846252783160846,0.9072688365419578,705,314,185.6,135,261,2000
temporal_1,Accountancy,logistic,EQ,automatic_coverage,0.2632624113475177,0.23659574468085104,0.29134751773049644,705,314,185.6,135,261,2000
temporal_1,Accountancy,logistic,EQ,review_fraction,0.7367375886524823,0.7086524822695035,0.7634042553191489,705,314,185.6,135,261,2000
temporal_1,Accountancy,logistic,EQ,singleton_error,0.2506911158617635,0.1972663827921666,0.30419875617335995,705,314,185.6,135,261,2000
temporal_1,Accountancy,logistic,EQ,missed_failure,0.12292993630573248,0.09273116345804219,0.15374721683915393,705,314,185.6,135,261,2000
temporal_1,Accountancy,logistic,MCP,coverage,0.9398581560283688,0.9262340425531915,0.9543262411347518,705,314,171.4,98,261,2000
temporal_1,Accountancy,logistic,MCP,fail_coverage,0.8828025477707006,0.8531635680379746,0.9116906658296386,705,314,171.4,98,261,2000
temporal_1,Accountancy,logistic,MCP,automatic_coverage,0.24312056737588653,0.21645390070921983,0.2714893617021276,705,314,171.4,98,261,2000
temporal_1,Accountancy,logistic,MCP,review_fraction,0.7568794326241135,0.7285106382978723,0.7835460992907801,705,314,171.4,98,261,2000
temporal_1,Accountancy,logistic,MCP,singleton_error,0.24267542077823384,0.1864858005575906,0.3008044556399306,705,314,171.4,98,261,2000
temporal_1,Accountancy,logistic,MCP,missed_failure,0.11719745222929935,0.08830933417036137,0.1468364319620253,705,314,171.4,98,261,2000
temporal_1,Global economics,catboost,EIQ-batch,coverage,0.9039647577092511,0.8883994126284875,0.9183553597650513,681,261,173.6,127,259,2000
temporal_1,Global economics,catboost,EIQ-batch,fail_coverage,0.8773946360153256,0.8541980931236886,0.9010683977943764,681,261,173.6,127,259,2000
temporal_1,Global economics,catboost,EIQ-batch,automatic_coverage,0.2549192364170338,0.23494860499265785,0.2763582966226138,681,261,173.6,127,259,2000
temporal_1,Global economics,catboost,EIQ-batch,review_fraction,0.7450807635829662,0.7236417033773862,0.7650513950073421,681,261,173.6,127,259,2000
temporal_1,Global economics,catboost,EIQ-batch,singleton_error,0.3899650813324033,0.33687158758844815,0.4430618972904378,681,261,173.6,127,259,2000
temporal_1,Global economics,catboost,EIQ-batch,missed_failure,0.12260536398467432,0.09893160220562355,0.14580190687631153,681,261,173.6,127,259,2000
temporal_1,Global economics,catboost,EQ,coverage,0.9309838472834068,0.9177679882525698,0.9433186490455213,681,261,142.8,24,235,2000
temporal_1,Global economics,catboost,EQ,fail_coverage,0.8881226053639847,0.8643643117465657,0.9112062595419848,681,261,142.8,24,235,2000
temporal_1,Global economics,catboost,EQ,automatic_coverage,0.20969162995594715,0.19001468428781204,0.2302496328928047,681,261,142.8,24,235,2000
temporal_1,Global economics,catboost,EQ,review_fraction,0.7903083700440529,0.7697503671071952,0.8099853157121879,681,261,142.8,24,235,2000
temporal_1,Global economics,catboost,EQ,singleton_error,0.3381586512759033,0.26889165674851706,0.40837116345039826,681,261,142.8,24,235,2000
temporal_1,Global economics,catboost,EQ,missed_failure,0.11187739463601533,0.08879374045801527,0.13563568825343425,681,261,142.8,24,235,2000
temporal_1,Global economics,catboost,MCP,coverage,0.9468428781204111,0.9353891336270191,0.9574155653450808,681,261,105.2,24,181,2000
temporal_1,Global economics,catboost,MCP,fail_coverage,0.9295019157088122,0.9108570632129686,0.9467790811339197,681,261,105.2,24,181,2000
temporal_1,Global economics,catboost,MCP,automatic_coverage,0.15447870778267253,0.13832599118942732,0.1723935389133627,681,261,105.2,24,181,2000
temporal_1,Global economics,catboost,MCP,review_fraction,0.8455212922173274,0.8276064610866373,0.8616740088105727,681,261,105.2,24,181,2000
temporal_1,Global economics,catboost,MCP,singleton_error,0.34666928957377563,0.26624597209315554,0.4301060543230798,681,261,105.2,24,181,2000
temporal_1,Global economics,catboost,MCP,missed_failure,0.07049808429118773,0.05322091886608015,0.08914293678703145,681,261,105.2,24,181,2000
temporal_1,Global economics,logistic,EIQ-batch,coverage,0.8863436123348017,0.8672540381791481,0.9048458149779736,681,261,247.2,85,378,2000
temporal_1,Global economics,logistic,EIQ-batch,fail_coverage,0.8229885057471265,0.7878033189399711,0.8576786428032153,681,261,247.2,85,378,2000
temporal_1,Global economics,logistic,EIQ-batch,automatic_coverage,0.3629955947136564,0.33744493392070485,0.3879662261380323,681,261,247.2,85,378,2000
temporal_1,Global economics,logistic,EIQ-batch,review_fraction,0.6370044052863436,0.6120337738619677,0.6625550660792952,681,261,247.2,85,378,2000
temporal_1,Global economics,logistic,EIQ-batch,singleton_error,0.3308886782504724,0.27759630512309214,0.38292113084215135,681,261,247.2,85,378,2000
temporal_1,Global economics,logistic,EIQ-batch,missed_failure,0.17701149425287357,0.14232135719678463,0.21219668106002873,681,261,247.2,85,378,2000
temporal_1,Global economics,logistic,EQ,coverage,0.8707782672540382,0.8475770925110133,0.8930983847283406,681,261,306.4,259,354,2000
temporal_1,Global economics,logistic,EQ,fail_coverage,0.7172413793103448,0.6644154144668561,0.768949780058651,681,261,306.4,259,354,2000
temporal_1,Global economics,logistic,EQ,automatic_coverage,0.4499265785609398,0.41790748898678415,0.48399412628487515,681,261,306.4,259,354,2000
temporal_1,Global economics,logistic,EQ,review_fraction,0.5500734214390601,0.5160058737151249,0.5820925110132158,681,261,306.4,259,354,2000
temporal_1,Global economics,logistic,EQ,singleton_error,0.2850450887348517,0.23776682269669666,0.33247943920460676,681,261,306.4,259,354,2000
temporal_1,Global economics,logistic,EQ,missed_failure,0.2827586206896552,0.23105021994134897,0.33558458553314374,681,261,306.4,259,354,2000
temporal_1,Global economics,logistic,MCP,coverage,0.8775330396475771,0.8552129221732745,0.899265785609398,681,261,292.8,235,345,2000
temporal_1,Global economics,logistic,MCP,fail_coverage,0.728735632183908,0.6784391162409674,0.77957299270073,681,261,292.8,235,345,2000
temporal_1,Global economics,logistic,MCP,automatic_coverage,0.4299559471365639,0.3979441997063143,0.46255506607929514,681,261,292.8,235,345,2000
temporal_1,Global economics,logistic,MCP,review_fraction,0.5700440528634361,0.5374449339207048,0.6020558002936858,681,261,292.8,235,345,2000
temporal_1,Global economics,logistic,MCP,singleton_error,0.2820726900202882,0.2330451460365705,0.32964034879696563,681,261,292.8,235,345,2000
temporal_1,Global economics,logistic,MCP,missed_failure,0.2712643678160919,0.2204270072992701,0.3215608837590325,681,261,292.8,235,345,2000
temporal_2,pooled,catboost,EIQ-batch,coverage,0.8601858470335955,0.8453180843459615,0.87433881343817,1399,637,620.4,37,905,2000
temporal_2,pooled,catboost,EIQ-batch,fail_coverage,0.713657770800628,0.6860271573196207,0.7399046478126843,1399,637,620.4,37,905,2000
temporal_2,pooled,catboost,EIQ-batch,automatic_coverage,0.44345961401000716,0.42558613295210856,0.4603288062902072,1399,637,620.4,37,905,2000
temporal_2,pooled,catboost,EIQ-batch,review_fraction,0.5565403859899929,0.5396711937097928,0.5744138670478913,1399,637,620.4,37,905,2000
temporal_2,pooled,catboost,EIQ-batch,singleton_error,0.2900947781459463,0.2537171918920836,0.3310193179241617,1399,637,620.4,37,905,2000
temporal_2,pooled,catboost,EIQ-batch,missed_failure,0.2863422291993721,0.2600953521873157,0.3139728426803792,1399,637,620.4,37,905,2000
temporal_2,pooled,catboost,EQ,coverage,0.828734810578985,0.8102930664760544,0.8460364546104361,1399,637,742.6,658,905,2000
temporal_2,pooled,catboost,EQ,fail_coverage,0.6383045525902669,0.6040792850882684,0.6709475482835396,1399,637,742.6,658,905,2000
temporal_2,pooled,catboost,EQ,automatic_coverage,0.5308077197998571,0.5080771979985703,0.5526840600428878,1399,637,742.6,658,905,2000
temporal_2,pooled,catboost,EQ,review_fraction,0.4691922802001429,0.4473159399571121,0.4919228020014297,1399,637,742.6,658,905,2000
temporal_2,pooled,catboost,EQ,singleton_error,0.32162360637328824,0.29070137590366374,0.3535989180983175,1399,637,742.6,658,905,2000
temporal_2,pooled,catboost,EQ,missed_failure,0.36169544740973314,0.3290524517164604,0.39592071491173153,1399,637,742.6,658,905,2000
temporal_2,pooled,catboost,MCP,coverage,0.828734810578985,0.8102930664760544,0.8460364546104361,1399,637,742.6,658,905,2000
temporal_2,pooled,catboost,MCP,fail_coverage,0.6383045525902669,0.6040792850882684,0.6709475482835396,1399,637,742.6,658,905,2000
temporal_2,pooled,catboost,MCP,automatic_coverage,0.5308077197998571,0.5080771979985703,0.5526840600428878,1399,637,742.6,658,905,2000
temporal_2,pooled,catboost,MCP,review_fraction,0.4691922802001429,0.4473159399571121,0.4919228020014297,1399,637,742.6,658,905,2000
temporal_2,pooled,catboost,MCP,singleton_error,0.32162360637328824,0.29070137590366374,0.3535989180983175,1399,637,742.6,658,905,2000
temporal_2,pooled,catboost,MCP,missed_failure,0.36169544740973314,0.3290524517164604,0.39592071491173153,1399,637,742.6,658,905,2000
temporal_2,pooled,logistic,EIQ-batch,coverage,0.8178699070764832,0.7989957112223017,0.8364546104360258,1399,637,806.0,705,959,2000
temporal_2,pooled,logistic,EIQ-batch,fail_coverage,0.6411302982731554,0.6054871803175542,0.6765043010117459,1399,637,806.0,705,959,2000
temporal_2,pooled,logistic,EIQ-batch,automatic_coverage,0.5761258041458185,0.5542494639027877,0.597144388849178,1399,637,806.0,705,959,2000
temporal_2,pooled,logistic,EIQ-batch,review_fraction,0.4238741958541815,0.40285561115082197,0.44575053609721227,1399,637,806.0,705,959,2000
temporal_2,pooled,logistic,EIQ-batch,singleton_error,0.31443170440277934,0.2840705508081411,0.3450788784404776,1399,637,806.0,705,959,2000
temporal_2,pooled,logistic,EIQ-batch,missed_failure,0.35886970172684457,0.32349569898825414,0.3945128196824457,1399,637,806.0,705,959,2000
temporal_2,pooled,logistic,EQ,coverage,0.8440314510364546,0.826300929235168,0.861904932094353,1399,637,718.6,542,846,2000
temporal_2,pooled,logistic,EQ,fail_coverage,0.6778649921507065,0.6436777035881436,0.7116359414888933,1399,637,718.6,542,846,2000
temporal_2,pooled,logistic,EQ,automatic_coverage,0.5136526090064332,0.49006075768406004,0.5363831308077198,1399,637,718.6,542,846,2000
temporal_2,pooled,logistic,EQ,review_fraction,0.48634739099356683,0.4636168691922802,0.5099392423159399,1399,637,718.6,542,846,2000
temporal_2,pooled,logistic,EQ,singleton_error,0.3022113417068471,0.27043829657313206,0.33432279983149304,1399,637,718.6,542,846,2000
temporal_2,pooled,logistic,EQ,missed_failure,0.32213500784929355,0.2883640585111065,0.3563222964118564,1399,637,718.6,542,846,2000
temporal_2,pooled,logistic,MCP,coverage,0.8440314510364546,0.826300929235168,0.861904932094353,1399,637,718.2,542,846,2000
temporal_2,pooled,logistic,MCP,fail_coverage,0.6778649921507065,0.6436777035881436,0.7116359414888933,1399,637,718.2,542,846,2000
temporal_2,pooled,logistic,MCP,automatic_coverage,0.5133666904932095,0.48991779842744815,0.5359578270192995,1399,637,718.2,542,846,2000
temporal_2,pooled,logistic,MCP,review_fraction,0.4866333095067905,0.46404217298070044,0.5100822015725518,1399,637,718.2,542,846,2000
temporal_2,pooled,logistic,MCP,singleton_error,0.30238982207400666,0.2705409200017999,0.3344199595077871,1399,637,718.2,542,846,2000
temporal_2,pooled,logistic,MCP,missed_failure,0.32213500784929355,0.2883640585111065,0.3563222964118564,1399,637,718.2,542,846,2000
temporal_2,Accountancy,catboost,EIQ-batch,coverage,0.8182572614107884,0.7961203319502074,0.8412171507607191,723,266,422.8,6,614,2000
temporal_2,Accountancy,catboost,EIQ-batch,fail_coverage,0.5127819548872181,0.4752748339483395,0.5529435579899976,723,266,422.8,6,614,2000
temporal_2,Accountancy,catboost,EIQ-batch,automatic_coverage,0.5847856154910097,0.566521438450899,0.6047026279391424,723,266,422.8,6,614,2000
temporal_2,Accountancy,catboost,EIQ-batch,review_fraction,0.4152143845089903,0.3952973720608576,0.43347856154910097,723,266,422.8,6,614,2000
temporal_2,Accountancy,catboost,EIQ-batch,singleton_error,0.2817068206346348,0.22403542615381475,0.36997927075939563,723,266,422.8,6,614,2000
temporal_2,Accountancy,catboost,EIQ-batch,missed_failure,0.48721804511278194,0.4470564420100024,0.5247251660516605,723,266,422.8,6,614,2000
temporal_2,Accountancy,catboost,EQ,coverage,0.7723374827109267,0.7446749654218534,0.801106500691563,723,266,530.6,479,614,2000
temporal_2,Accountancy,catboost,EQ,fail_coverage,0.3857142857142857,0.33927685387131956,0.43501179245283006,723,266,530.6,479,614,2000
temporal_2,Accountancy,catboost,EQ,automatic_coverage,0.7338865836791147,0.7109266943291839,0.7585062240663901,723,266,530.6,479,614,2000
temporal_2,Accountancy,catboost,EQ,review_fraction,0.26611341632088525,0.24149377593360988,0.2890733056708161,723,266,530.6,479,614,2000
temporal_2,Accountancy,catboost,EQ,singleton_error,0.30976570753780325,0.2718732830118108,0.3469599680332407,723,266,530.6,479,614,2000
temporal_2,Accountancy,catboost,EQ,missed_failure,0.6142857142857143,0.5649882075471697,0.6607231461286804,723,266,530.6,479,614,2000
temporal_2,Accountancy,catboost,MCP,coverage,0.7723374827109267,0.7446749654218534,0.801106500691563,723,266,530.6,479,614,2000
temporal_2,Accountancy,catboost,MCP,fail_coverage,0.3857142857142857,0.33927685387131956,0.43501179245283006,723,266,530.6,479,614,2000
temporal_2,Accountancy,catboost,MCP,automatic_coverage,0.7338865836791147,0.7109266943291839,0.7585062240663901,723,266,530.6,479,614,2000
temporal_2,Accountancy,catboost,MCP,review_fraction,0.26611341632088525,0.24149377593360988,0.2890733056708161,723,266,530.6,479,614,2000
temporal_2,Accountancy,catboost,MCP,singleton_error,0.30976570753780325,0.2718732830118108,0.3469599680332407,723,266,530.6,479,614,2000
temporal_2,Accountancy,catboost,MCP,missed_failure,0.6142857142857143,0.5649882075471697,0.6607231461286804,723,266,530.6,479,614,2000
temporal_2,Accountancy,logistic,EIQ-batch,coverage,0.7311203319502074,0.701521438450899,0.7615560165975103,723,266,609.8,521,663,2000
temporal_2,Accountancy,logistic,EIQ-batch,fail_coverage,0.28120300751879695,0.23745468642753642,0.32863236515652866,723,266,609.8,521,663,2000
temporal_2,Accountancy,logistic,EIQ-batch,automatic_coverage,0.8434301521438451,0.8212932226832642,0.8639004149377593,723,266,609.8,521,663,2000
temporal_2,Accountancy,logistic,EIQ-batch,review_fraction,0.1565698478561549,0.13609958506224074,0.1787067773167357,723,266,609.8,521,663,2000
temporal_2,Accountancy,logistic,EIQ-batch,singleton_error,0.31747107764560667,0.2828930650499452,0.35317738284499106,723,266,609.8,521,663,2000
temporal_2,Accountancy,logistic,EIQ-batch,missed_failure,0.718796992481203,0.6713676348434713,0.7625453135724636,723,266,609.8,521,663,2000
temporal_2,Accountancy,logistic,EQ,coverage,0.750207468879668,0.7203250345781465,0.7803665283540803,723,266,585.0,495,624,2000
temporal_2,Accountancy,logistic,EQ,fail_coverage,0.3300751879699248,0.28362122365066017,0.38268878028177505,723,266,585.0,495,624,2000
temporal_2,Accountancy,logistic,EQ,automatic_coverage,0.8091286307053942,0.7839419087136931,0.8318188105117564,723,266,585.0,495,624,2000
temporal_2,Accountancy,logistic,EQ,review_fraction,0.1908713692946058,0.1681811894882435,0.21605809128630687,723,266,585.0,495,624,2000
temporal_2,Accountancy,logistic,EQ,singleton_error,0.30764630439775287,0.27231621865430045,0.34371366219342114,723,266,585.0,495,624,2000
temporal_2,Accountancy,logistic,EQ,missed_failure,0.6699248120300751,0.6173112197182249,0.7163787763493398,723,266,585.0,495,624,2000
temporal_2,Accountancy,logistic,MCP,coverage,0.750207468879668,0.7203250345781465,0.7803665283540803,723,266,584.8,495,624,2000
temporal_2,Accountancy,logistic,MCP,fail_coverage,0.3300751879699248,0.28362122365066017,0.38268878028177505,723,266,584.8,495,624,2000
temporal_2,Accountancy,logistic,MCP,automatic_coverage,0.8088520055325035,0.7831258644536654,0.8318118948824342,723,266,584.8,495,624,2000
temporal_2,Accountancy,logistic,MCP,review_fraction,0.19114799446749653,0.16818810511756577,0.2168741355463346,723,266,584.8,495,624,2000
temporal_2,Accountancy,logistic,MCP,singleton_error,0.3077507147583874,0.2723330237016653,0.34383097266183876,723,266,584.8,495,624,2000
temporal_2,Accountancy,logistic,MCP,missed_failure,0.6699248120300751,0.6173112197182249,0.7163787763493398,723,266,584.8,495,624,2000
temporal_2,Global economics,catboost,EIQ-batch,coverage,0.9050295857988165,0.8881656804733729,0.9210133136094675,676,371,197.6,31,291,2000
temporal_2,Global economics,catboost,EIQ-batch,fail_coverage,0.8576819407008086,0.8315492538564723,0.8834209177584005,676,371,197.6,31,291,2000
temporal_2,Global economics,catboost,EIQ-batch,automatic_coverage,0.2923076923076923,0.26893491124260355,0.3159763313609467,676,371,197.6,31,291,2000
temporal_2,Global economics,catboost,EIQ-batch,review_fraction,0.7076923076923076,0.6840236686390533,0.7310650887573964,676,371,197.6,31,291,2000
temporal_2,Global economics,catboost,EIQ-batch,singleton_error,0.2992104498932929,0.24486834621695222,0.3570528777443603,676,371,197.6,31,291,2000
temporal_2,Global economics,catboost,EIQ-batch,missed_failure,0.14231805929919136,0.11657908224159962,0.1684507461435278,676,371,197.6,31,291,2000
temporal_2,Global economics,catboost,EQ,coverage,0.8890532544378699,0.8686390532544378,0.9085798816568047,676,371,212.0,170,291,2000
temporal_2,Global economics,catboost,EQ,fail_coverage,0.8194070080862533,0.7854519846350833,0.851832945510956,676,371,212.0,170,291,2000
temporal_2,Global economics,catboost,EQ,automatic_coverage,0.3136094674556213,0.28579881656804734,0.3414201183431952,676,371,212.0,170,291,2000
temporal_2,Global economics,catboost,EQ,review_fraction,0.6863905325443787,0.6585798816568048,0.7142011834319526,676,371,212.0,170,291,2000
temporal_2,Global economics,catboost,EQ,singleton_error,0.35293187899475864,0.2970471932849499,0.4108713701865554,676,371,212.0,170,291,2000
temporal_2,Global economics,catboost,EQ,missed_failure,0.18059299191374664,0.14816705448904402,0.21454801536491674,676,371,212.0,170,291,2000
temporal_2,Global economics,catboost,MCP,coverage,0.8890532544378699,0.8686390532544378,0.9085798816568047,676,371,212.0,170,291,2000
temporal_2,Global economics,catboost,MCP,fail_coverage,0.8194070080862533,0.7854519846350833,0.851832945510956,676,371,212.0,170,291,2000
temporal_2,Global economics,catboost,MCP,automatic_coverage,0.3136094674556213,0.28579881656804734,0.3414201183431952,676,371,212.0,170,291,2000
temporal_2,Global economics,catboost,MCP,review_fraction,0.6863905325443787,0.6585798816568048,0.7142011834319526,676,371,212.0,170,291,2000
temporal_2,Global economics,catboost,MCP,singleton_error,0.35293187899475864,0.2970471932849499,0.4108713701865554,676,371,212.0,170,291,2000
temporal_2,Global economics,catboost,MCP,missed_failure,0.18059299191374664,0.14816705448904402,0.21454801536491674,676,371,212.0,170,291,2000
temporal_2,Global economics,logistic,EIQ-batch,coverage,0.9106508875739645,0.8943786982248522,0.9266272189349113,676,371,196.2,119,317,2000
temporal_2,Global economics,logistic,EIQ-batch,fail_coverage,0.8991913746630729,0.8740108829008953,0.9234050864361701,676,371,196.2,119,317,2000
temporal_2,Global economics,logistic,EIQ-batch,automatic_coverage,0.2902366863905325,0.2650887573964497,0.3150961538461538,676,371,196.2,119,317,2000
temporal_2,Global economics,logistic,EIQ-batch,review_fraction,0.7097633136094674,0.6849038461538461,0.7349112426035502,676,371,196.2,119,317,2000
temporal_2,Global economics,logistic,EIQ-batch,singleton_error,0.3009719733714241,0.2491415360283218,0.35490012023005574,676,371,196.2,119,317,2000
temporal_2,Global economics,logistic,EIQ-batch,missed_failure,0.10080862533692722,0.07659491356382979,0.12598911709910482,676,371,196.2,119,317,2000
temporal_2,Global economics,logistic,EQ,coverage,0.9443786982248521,0.931360946745562,0.9565088757396449,676,371,133.6,47,234,2000
temporal_2,Global economics,logistic,EQ,fail_coverage,0.9272237196765498,0.9068377192982457,0.946852115340952,676,371,133.6,47,234,2000
temporal_2,Global economics,logistic,EQ,automatic_coverage,0.19763313609467456,0.17633136094674556,0.21923816568047336,676,371,133.6,47,234,2000
temporal_2,Global economics,logistic,EQ,review_fraction,0.8023668639053254,0.7807618343195266,0.8236686390532544,676,371,133.6,47,234,2000
temporal_2,Global economics,logistic,EQ,singleton_error,0.27115445489012446,0.20956601004064115,0.33711950804952606,676,371,133.6,47,234,2000
temporal_2,Global economics,logistic,EQ,missed_failure,0.07277628032345014,0.05314788465904791,0.09316228070175436,676,371,133.6,47,234,2000
temporal_2,Global economics,logistic,MCP,coverage,0.9443786982248521,0.931360946745562,0.9565088757396449,676,371,133.4,47,234,2000
temporal_2,Global economics,logistic,MCP,fail_coverage,0.9272237196765498,0.9068377192982457,0.946852115340952,676,371,133.4,47,234,2000
temporal_2,Global economics,logistic,MCP,automatic_coverage,0.19733727810650886,0.17633136094674556,0.21894230769230766,676,371,133.4,47,234,2000
temporal_2,Global economics,logistic,MCP,review_fraction,0.8026627218934912,0.7810576923076923,0.8236686390532544,676,371,133.4,47,234,2000
temporal_2,Global economics,logistic,MCP,singleton_error,0.2717257146163138,0.21016251589143142,0.3387673452606683,676,371,133.4,47,234,2000
temporal_2,Global economics,logistic,MCP,missed_failure,0.07277628032345014,0.05314788465904791,0.09316228070175436,676,371,133.4,47,234,2000
