policy,automatic_coverage,automatic_error_rate,automatic_false_negative_fraction,automatic_false_positive_fraction,expected_n_automatic,setting,model,seed,calibration,matched_method
confidence,0.2,0.234892972153817,0.0830838323353293,0.0099731492136555,1055.8,course_DDD,logistic,42,none,fixed_budget
random,0.2,0.3763970448948665,0.107185628742515,0.0425776754890678,1055.8,course_DDD,logistic,42,none,fixed_budget
confidence,0.4,0.2830081454820988,0.1884730538922155,0.0360567702339854,2111.6,course_DDD,logistic,42,none,fixed_budget
random,0.4,0.3763970448948665,0.21437125748503,0.0851553509781357,2111.6,course_DDD,logistic,42,none,fixed_budget
confidence,0.6,0.3174212287680747,0.2990269461077844,0.0791714614499425,3167.4,course_DDD,logistic,42,none,fixed_budget
random,0.6,0.3763970448948668,0.3215568862275449,0.1277330264672037,3167.399999999999,course_DDD,logistic,42,none,fixed_budget
confidence,0.8,0.3480772873650313,0.4195359281437126,0.1338703490602224,4223.2,course_DDD,logistic,42,none,fixed_budget
random,0.8,0.3763970448948665,0.42874251497006,0.1703107019562715,4223.2,course_DDD,logistic,42,none,fixed_budget
confidence,0.2,0.2775146808107596,0.1051646706586826,0.004602991944764,1055.8,course_DDD,logistic,42,platt,fixed_budget
random,0.2,0.4038643682515628,0.1456586826347305,0.0142692750287687,1055.8,course_DDD,logistic,42,platt,fixed_budget
confidence,0.4,0.3227884068952453,0.2491017964071856,0.0061373225930187,2111.6,course_DDD,logistic,42,platt,fixed_budget
random,0.4,0.4038643682515628,0.2913173652694611,0.0285385500575374,2111.6,course_DDD,logistic,42,platt,fixed_budget
confidence,0.6,0.3573909199974742,0.4150449101796407,0.0088224012274645,3167.4,course_DDD,logistic,42,platt,fixed_budget
random,0.6,0.4038643682515633,0.4369760479041919,0.042807825086306,3167.399999999999,course_DDD,logistic,42,platt,fixed_budget
confidence,0.8,0.3833585906421671,0.5834580838323353,0.0230149597238204,4223.2,course_DDD,logistic,42,platt,fixed_budget
random,0.8,0.4038643682515628,0.5826347305389223,0.0570771001150748,4223.2,course_DDD,logistic,42,platt,fixed_budget
confidence,0.2,0.2897794777200531,0.1100109178805509,0.004602991944764,1055.8,course_DDD,logistic,42,isotonic,fixed_budget
random,0.2,0.4203447622655806,0.1584580838323353,0.0078250863060989,1055.8,course_DDD,logistic,42,isotonic,fixed_budget
confidence,0.4,0.3229370364433824,0.25,0.0053371101472367,2111.5999999999995,course_DDD,logistic,42,isotonic,fixed_budget
random,0.4,0.4203447622655806,0.3169161676646707,0.0156501726121979,2111.6,course_DDD,logistic,42,isotonic,fixed_budget
confidence,0.6,0.3536730642053834,0.4095149938488517,0.0099731492136555,3167.4,course_DDD,logistic,42,isotonic,fixed_budget
random,0.6,0.420344762265581,0.4753742514970063,0.0234752589182968,3167.399999999999,course_DDD,logistic,42,isotonic,fixed_budget
confidence,0.8,0.3740383402782138,0.55300850249362,0.0391254315304948,4223.2,course_DDD,logistic,42,isotonic,fixed_budget
random,0.8,0.4203447622655806,0.6338323353293414,0.0313003452243958,4223.2,course_DDD,logistic,42,isotonic,fixed_budget
confidence,0.3987497632127297,0.3235154394299287,0.25,0.0049865746068277,2105.0,course_DDD,logistic,42,isotonic,split_cp
random,0.3987497632127297,0.4203447622655803,0.3159256170364328,0.0156012565583806,2105.000000000001,course_DDD,logistic,42,isotonic,split_cp
singleton,0.3987497632127297,0.3235154394299287,0.25,0.0049865746068277,2105.0,course_DDD,logistic,42,isotonic,split_cp
confidence,0.1634779314264065,0.2766162898679355,0.0848502463158788,0.004602991944764,863.0,course_DDD,logistic,42,isotonic,mondrian_cp
random,0.1634779314264065,0.4203447622655805,0.1295219988135114,0.0063961446127707,863.0,course_DDD,logistic,42,isotonic,mondrian_cp
singleton,0.1634779314264065,0.2213209733487833,0.061751497005988,0.0099731492136555,863.0,course_DDD,logistic,42,isotonic,mondrian_cp
confidence,0.1634779314264065,0.2766162898679355,0.0848502463158788,0.004602991944764,863.0,course_DDD,logistic,42,isotonic,empirical_mondrian
random,0.1634779314264065,0.4203447622655805,0.1295219988135114,0.0063961446127707,863.0,course_DDD,logistic,42,isotonic,empirical_mondrian
singleton,0.1634779314264065,0.2213209733487833,0.061751497005988,0.0099731492136555,863.0,course_DDD,logistic,42,isotonic,empirical_mondrian
confidence,0.2258003409736692,0.2965118123978612,0.1277852097223991,0.004602991944764,1192.0,course_DDD,logistic,42,isotonic,weighted_cap5
random,0.2258003409736692,0.4203447622655802,0.1788994467968778,0.0088345357803276,1192.0,course_DDD,logistic,42,isotonic,weighted_cap5
singleton,0.2258003409736692,0.2248322147651006,0.061751497005988,0.0395090141925585,1192.0,course_DDD,logistic,42,isotonic,weighted_cap5
confidence,0.2258003409736692,0.2965118123978612,0.1277852097223991,0.004602991944764,1192.0,course_DDD,logistic,42,isotonic,weighted_cap10
random,0.2258003409736692,0.4203447622655802,0.1788994467968778,0.0088345357803276,1192.0,course_DDD,logistic,42,isotonic,weighted_cap10
singleton,0.2258003409736692,0.2248322147651006,0.061751497005988,0.0395090141925585,1192.0,course_DDD,logistic,42,isotonic,weighted_cap10
confidence,0.2258003409736692,0.2965118123978612,0.1277852097223991,0.004602991944764,1192.0,course_DDD,logistic,42,isotonic,weighted_cap20
random,0.2258003409736692,0.4203447622655802,0.1788994467968778,0.0088345357803276,1192.0,course_DDD,logistic,42,isotonic,weighted_cap20
singleton,0.2258003409736692,0.2248322147651006,0.061751497005988,0.0395090141925585,1192.0,course_DDD,logistic,42,isotonic,weighted_cap20
confidence,0.2258003409736692,0.2965118123978612,0.1277852097223991,0.004602991944764,1192.0,course_DDD,logistic,42,isotonic,weighted_p99
random,0.2258003409736692,0.4203447622655802,0.1788994467968778,0.0088345357803276,1192.0,course_DDD,logistic,42,isotonic,weighted_p99
singleton,0.2258003409736692,0.2248322147651006,0.061751497005988,0.0395090141925585,1192.0,course_DDD,logistic,42,isotonic,weighted_p99
confidence,0.2,0.2896381890509565,0.1080838323353293,0.0065209052550824,1055.8,course_DDD,catboost,42,none,fixed_budget
random,0.2,0.4078423943928774,0.1361526946107785,0.0256233218258534,1055.8,course_DDD,catboost,42,none,fixed_budget
confidence,0.4,0.3369956431142261,0.2554640718562874,0.0111238971998465,2111.6,course_DDD,catboost,42,none,fixed_budget
random,0.4,0.4078423943928774,0.272305389221557,0.0512466436517069,2111.6,course_DDD,catboost,42,none,fixed_budget
confidence,0.6,0.3687567089726589,0.4120508982035928,0.0257000383582662,3167.4,course_DDD,catboost,42,none,fixed_budget
random,0.6,0.4078423943928779,0.4084580838323355,0.0768699654775604,3167.399999999999,course_DDD,catboost,42,none,fixed_budget
confidence,0.8,0.3845425269937488,0.5497754491017964,0.0594553126198695,4223.2,course_DDD,catboost,42,none,fixed_budget
random,0.8,0.4078423943928774,0.544610778443114,0.1024932873034138,4223.2,course_DDD,catboost,42,none,fixed_budget
confidence,0.2,0.2915324872134873,0.1092065868263472,0.0061373225930187,1055.8,course_DDD,catboost,42,platt,fixed_budget
random,0.2,0.4127675696154574,0.1413922155688623,0.0222477943996931,1055.8,course_DDD,catboost,42,platt,fixed_budget
confidence,0.4,0.3407842394392877,0.2595808383233532,0.0099731492136555,2111.6,course_DDD,catboost,42,platt,fixed_budget
random,0.4,0.4127675696154574,0.2827844311377246,0.0444955887993862,2111.6,course_DDD,catboost,42,platt,fixed_budget
confidence,0.6,0.3703352907747679,0.4202844311377245,0.0191791331031837,3167.4,course_DDD,catboost,42,platt,fixed_budget
random,0.6,0.4127675696154579,0.424176646706587,0.0667433831990794,3167.399999999999,course_DDD,catboost,42,platt,fixed_budget
confidence,0.8,0.3883311233188104,0.5666167664670658,0.048331415420023,4223.2,course_DDD,catboost,42,platt,fixed_budget
random,0.8,0.4127675696154574,0.5655688622754493,0.0889911775987725,4223.2,course_DDD,catboost,42,platt,fixed_budget
confidence,0.2,0.2928279427310891,0.1104669692872319,0.0053701572688914,1055.8,course_DDD,catboost,42,isotonic,fixed_budget
random,0.2,0.4027277893540444,0.1312125748502994,0.0286152665899501,1055.8,course_DDD,catboost,42,isotonic,fixed_budget
confidence,0.4,0.3252207816497658,0.2382994769953763,0.0191791331031837,2111.6000000000004,course_DDD,catboost,42,isotonic,fixed_budget
random,0.4,0.4027277893540444,0.2624251497005989,0.0572305331799002,2111.6,course_DDD,catboost,42,isotonic,fixed_budget
confidence,0.6,0.3719642707417886,0.4222154308186905,0.0191791331031837,3167.4,course_DDD,catboost,42,isotonic,fixed_budget
random,0.6,0.4027277893540447,0.3936377245508983,0.0858457997698503,3167.399999999999,course_DDD,catboost,42,isotonic,fixed_budget
confidence,0.8,0.3975011435092566,0.5980538922155688,0.0309654120706914,4223.2,course_DDD,catboost,42,isotonic,fixed_budget
random,0.8,0.4027277893540444,0.5248502994011978,0.1144610663598005,4223.2,course_DDD,catboost,42,isotonic,fixed_budget
confidence,0.3260087137715476,0.2998256827425916,0.1744011976047904,0.0191791331031837,1721.0,course_DDD,catboost,42,isotonic,split_cp
random,0.3260087137715476,0.4027277893540447,0.2138822137879953,0.0466441312760979,1721.0,course_DDD,catboost,42,isotonic,split_cp
singleton,0.3260087137715476,0.2998256827425915,0.1744011976047904,0.0191791331031837,1721.0,course_DDD,catboost,42,isotonic,split_cp
confidence,0.2263686304224285,0.3037013196009012,0.130584983878397,0.0053701572688914,1195.0,course_DDD,catboost,42,isotonic,mondrian_cp
random,0.2263686304224285,0.4027277893540444,0.1485120543153134,0.0323879935356984,1194.9999999999998,course_DDD,catboost,42,isotonic,mondrian_cp
singleton,0.2263686304224285,0.2594142259414226,0.0886976047904191,0.0280015343306482,1195.0,course_DDD,catboost,42,isotonic,mondrian_cp
confidence,0.2263686304224285,0.3037013196009012,0.130584983878397,0.0053701572688914,1195.0,course_DDD,catboost,42,isotonic,empirical_mondrian
random,0.2263686304224285,0.4027277893540444,0.1485120543153134,0.0323879935356984,1194.9999999999998,course_DDD,catboost,42,isotonic,empirical_mondrian
singleton,0.2263686304224285,0.2594142259414226,0.0886976047904191,0.0280015343306482,1195.0,course_DDD,catboost,42,isotonic,empirical_mondrian
confidence,0.2617920060617541,0.3132452373609167,0.1567757926769412,0.0053701572688914,1382.0,course_DDD,catboost,42,isotonic,weighted_cap5
random,0.2617920060617541,0.4027277893540442,0.1717520159529397,0.0374562402228746,1382.0,course_DDD,catboost,42,isotonic,weighted_cap5
singleton,0.2617920060617541,0.2749638205499276,0.1148952095808383,0.0280015343306482,1382.0,course_DDD,catboost,42,isotonic,weighted_cap5
confidence,0.3167266527751468,0.3019519356241844,0.1744011976047904,0.0149074170938382,1672.0000000000005,course_DDD,catboost,42,isotonic,weighted_cap10
random,0.3167266527751468,0.4027277893540442,0.2077925981717187,0.0453160880265169,1672.0000000000002,course_DDD,catboost,42,isotonic,weighted_cap10
singleton,0.3167266527751468,0.2799043062200957,0.1148952095808383,0.0617568085922516,1672.0,course_DDD,catboost,42,isotonic,weighted_cap10
confidence,0.3167266527751468,0.3019519356241844,0.1744011976047904,0.0149074170938382,1672.0000000000005,course_DDD,catboost,42,isotonic,weighted_cap20
random,0.3167266527751468,0.4027277893540442,0.2077925981717187,0.0453160880265169,1672.0000000000002,course_DDD,catboost,42,isotonic,weighted_cap20
singleton,0.3167266527751468,0.2799043062200957,0.1148952095808383,0.0617568085922516,1672.0,course_DDD,catboost,42,isotonic,weighted_cap20
confidence,0.3167266527751468,0.3019519356241844,0.1744011976047904,0.0149074170938382,1672.0000000000005,course_DDD,catboost,42,isotonic,weighted_p99
random,0.3167266527751468,0.4027277893540442,0.2077925981717187,0.0453160880265169,1672.0000000000002,course_DDD,catboost,42,isotonic,weighted_p99
singleton,0.3167266527751468,0.2799043062200957,0.1148952095808383,0.0617568085922516,1672.0,course_DDD,catboost,42,isotonic,weighted_p99
confidence,0.2,0.2453562517327418,0.0183066361556064,0.0779989241527703,721.4000000000001,temporal_B,logistic,42,none,fixed_budget
random,0.2,0.3684502356528965,0.0765446224256293,0.0710059171597633,721.4,temporal_B,logistic,42,none,fixed_budget
confidence,0.4,0.2848627668422511,0.0806636155606407,0.1452393760086067,1442.8000000000002,temporal_B,logistic,42,none,fixed_budget
random,0.4,0.3684502356528965,0.1530892448512586,0.1420118343195267,1442.8,temporal_B,logistic,42,none,fixed_budget
confidence,0.6,0.32529341096017,0.1693363844393592,0.2194728348574502,2164.2,temporal_B,logistic,42,none,fixed_budget
random,0.6,0.3684502356528977,0.229633867276888,0.21301775147929,2164.2,temporal_B,logistic,42,none,fixed_budget
confidence,0.8,0.3434294427502078,0.2780320366132723,0.2716514254975793,2885.6000000000004,temporal_B,logistic,42,none,fixed_budget
random,0.8,0.3684502356528965,0.3061784897025172,0.2840236686390534,2885.6,temporal_B,logistic,42,none,fixed_budget
confidence,0.2,0.2481286387579706,0.0165903890160183,0.0806885422270037,721.4000000000001,temporal_B,logistic,42,platt,fixed_budget
random,0.2,0.3720543387856938,0.0747139588100686,0.0741258741258741,721.4,temporal_B,logistic,42,platt,fixed_budget
confidence,0.4,0.2902689215414473,0.0755148741418764,0.1542764927380313,1442.8000000000002,temporal_B,logistic,42,platt,fixed_budget
random,0.4,0.3720543387856938,0.1494279176201373,0.1482517482517482,1442.8,temporal_B,logistic,42,platt,fixed_budget
confidence,0.6,0.3272340818778301,0.1625858123569793,0.2280796126949973,2164.2,temporal_B,logistic,42,platt,fixed_budget
random,0.6,0.372054338785695,0.224141876430206,0.2223776223776225,2164.2,temporal_B,logistic,42,platt,fixed_budget
confidence,0.8,0.3453701136678681,0.2692219679633869,0.2829478214093598,2885.6000000000004,temporal_B,logistic,42,platt,fixed_budget
random,0.8,0.3720543387856938,0.2988558352402746,0.2965034965034965,2885.6,temporal_B,logistic,42,platt,fixed_budget
confidence,0.2,0.2300015723986113,0.0302763926363605,0.0607853684776761,721.4000000000001,temporal_B,logistic,42,isotonic,fixed_budget
random,0.2,0.3687274743554194,0.0765446224256293,0.0711135018827326,721.4,temporal_B,logistic,42,isotonic,fixed_budget
confidence,0.4,0.2938152666112189,0.0749427917620137,0.1575667921821768,1442.8000000000002,temporal_B,logistic,42,isotonic,fixed_budget
random,0.4,0.3687274743554194,0.1530892448512586,0.1422270037654653,1442.8,temporal_B,logistic,42,isotonic,fixed_budget
confidence,0.6,0.3161192561305088,0.2180465069322923,0.1629908552985476,2164.2,temporal_B,logistic,42,isotonic,fixed_budget
random,0.6,0.3687274743554206,0.229633867276888,0.2133405056481981,2164.2,temporal_B,logistic,42,isotonic,fixed_budget
confidence,0.8,0.3516962213698764,0.2294050343249428,0.3302068942361031,2885.6000000000004,temporal_B,logistic,42,isotonic,fixed_budget
random,0.8,0.3687274743554194,0.3061784897025172,0.2844540075309307,2885.6,temporal_B,logistic,42,isotonic,fixed_budget
confidence,0.4247296922650402,0.2924281984334204,0.0829519450800915,0.1629908552985476,1532.0,temporal_B,logistic,42,isotonic,split_cp
random,0.4247296922650402,0.3687274743554196,0.1625538696369062,0.151020078852712,1532.0,temporal_B,logistic,42,isotonic,split_cp
singleton,0.4247296922650402,0.2924281984334204,0.0829519450800915,0.1629908552985476,1532.0,temporal_B,logistic,42,isotonic,split_cp
confidence,0.4247296922650402,0.2924281984334204,0.0829519450800915,0.1629908552985476,1532.0,temporal_B,logistic,42,isotonic,mondrian_cp
random,0.4247296922650402,0.3687274743554196,0.1625538696369062,0.151020078852712,1532.0,temporal_B,logistic,42,isotonic,mondrian_cp
singleton,0.4247296922650402,0.2924281984334204,0.0829519450800915,0.1629908552985476,1532.0,temporal_B,logistic,42,isotonic,mondrian_cp
confidence,0.4247296922650402,0.2924281984334204,0.0829519450800915,0.1629908552985476,1532.0,temporal_B,logistic,42,isotonic,empirical_mondrian
random,0.4247296922650402,0.3687274743554196,0.1625538696369062,0.151020078852712,1532.0,temporal_B,logistic,42,isotonic,empirical_mondrian
singleton,0.4247296922650402,0.2924281984334204,0.0829519450800915,0.1629908552985476,1532.0,temporal_B,logistic,42,isotonic,empirical_mondrian
confidence,0.3745494871084003,0.2854675548976067,0.0749427917620137,0.1369912139142908,1351.0,temporal_B,logistic,42,isotonic,weighted_cap5
random,0.3745494871084003,0.3687274743554196,0.143348745352128,0.1331776282832988,1351.0000000000005,temporal_B,logistic,42,isotonic,weighted_cap5
singleton,0.3745494871084003,0.2760917838638045,0.0829519450800915,0.1226465841850457,1351.0,temporal_B,logistic,42,isotonic,weighted_cap5
confidence,0.3745494871084003,0.2854675548976067,0.0749427917620137,0.1369912139142908,1351.0,temporal_B,logistic,42,isotonic,weighted_cap10
random,0.3745494871084003,0.3687274743554196,0.143348745352128,0.1331776282832988,1351.0000000000005,temporal_B,logistic,42,isotonic,weighted_cap10
singleton,0.3745494871084003,0.2760917838638045,0.0829519450800915,0.1226465841850457,1351.0,temporal_B,logistic,42,isotonic,weighted_cap10
confidence,0.3745494871084003,0.2854675548976067,0.0749427917620137,0.1369912139142908,1351.0,temporal_B,logistic,42,isotonic,weighted_cap20
random,0.3745494871084003,0.3687274743554196,0.143348745352128,0.1331776282832988,1351.0000000000005,temporal_B,logistic,42,isotonic,weighted_cap20
singleton,0.3745494871084003,0.2760917838638045,0.0829519450800915,0.1226465841850457,1351.0,temporal_B,logistic,42,isotonic,weighted_cap20
confidence,0.3745494871084003,0.2854675548976067,0.0749427917620137,0.1369912139142908,1351.0,temporal_B,logistic,42,isotonic,weighted_p99
random,0.3745494871084003,0.3687274743554196,0.143348745352128,0.1331776282832988,1351.0000000000005,temporal_B,logistic,42,isotonic,weighted_p99
singleton,0.3745494871084003,0.2760917838638045,0.0829519450800915,0.1226465841850457,1351.0,temporal_B,logistic,42,isotonic,weighted_p99
confidence,0.2,0.2550596063210424,0.0320366132723112,0.0688542227003765,721.4000000000001,temporal_B,catboost,42,none,fixed_budget
random,0.2,0.3817576933739943,0.0770022883295194,0.0757396449704142,721.4,temporal_B,catboost,42,none,fixed_budget
confidence,0.4,0.2909620182977545,0.0921052631578947,0.1392146315223239,1442.8000000000002,temporal_B,catboost,42,none,fixed_budget
random,0.4,0.3817576933739943,0.1540045766590389,0.1514792899408284,1442.8,temporal_B,catboost,42,none,fixed_budget
confidence,0.6,0.3220589594307365,0.1744851258581235,0.2108660570199031,2164.2,temporal_B,catboost,42,none,fixed_budget
random,0.6,0.3817576933739955,0.2310068649885585,0.2272189349112428,2164.2,temporal_B,catboost,42,none,fixed_budget
confidence,0.8,0.353479345716662,0.2837528604118993,0.2818719741796665,2885.6000000000004,temporal_B,catboost,42,none,fixed_budget
random,0.8,0.3817576933739943,0.3080091533180779,0.3029585798816568,2885.6,temporal_B,catboost,42,none,fixed_budget
confidence,0.2,0.273080121985029,0.0211670480549199,0.0860677783754706,721.4000000000001,temporal_B,catboost,42,platt,fixed_budget
random,0.2,0.384807319101746,0.0655606407322654,0.0876815492200107,721.4,temporal_B,catboost,42,platt,fixed_budget
confidence,0.4,0.3021901857499307,0.0675057208237986,0.171059709521248,1442.8000000000002,temporal_B,catboost,42,platt,fixed_budget
random,0.4,0.384807319101746,0.1311212814645309,0.1753630984400214,1442.8,temporal_B,catboost,42,platt,fixed_budget
confidence,0.6,0.3304685334072636,0.134553775743707,0.258203335126412,2164.2,temporal_B,catboost,42,platt,fixed_budget
random,0.6,0.3848073191017472,0.1966819221967964,0.2630446476600325,2164.2,temporal_B,catboost,42,platt,fixed_budget
confidence,0.8,0.3568062101469366,0.2223112128146455,0.3448090371167294,2885.6000000000004,temporal_B,catboost,42,platt,fixed_budget
random,0.8,0.384807319101746,0.2622425629290619,0.3507261968800428,2885.6,temporal_B,catboost,42,platt,fixed_budget
confidence,0.2,0.2883652157841235,0.005720823798627,0.1065232203693742,721.4000000000001,temporal_B,catboost,42,isotonic,fixed_budget
random,0.2,0.3820349320765173,0.0763157894736842,0.0764927380311995,721.4,temporal_B,catboost,42,isotonic,fixed_budget
confidence,0.4,0.2904299313142371,0.1064258037186393,0.1253362022592792,1442.8000000000002,temporal_B,catboost,42,isotonic,fixed_budget
random,0.4,0.3820349320765173,0.1526315789473684,0.1529854760623991,1442.8,temporal_B,catboost,42,isotonic,fixed_budget
confidence,0.6,0.3224353319723432,0.1784897025171624,0.2075387549513422,2164.2,temporal_B,catboost,42,isotonic,fixed_budget
random,0.6,0.3820349320765185,0.2289473684210528,0.2294782140935988,2164.2,temporal_B,catboost,42,isotonic,fixed_budget
confidence,0.8,0.3557366829966348,0.2703168034640104,0.2980096826250672,2885.6000000000004,temporal_B,catboost,42,isotonic,fixed_budget
random,0.8,0.3820349320765173,0.3052631578947368,0.3059709521247982,2885.6,temporal_B,catboost,42,isotonic,fixed_budget
confidence,0.3498752425838647,0.2836767036450079,0.0715102974828375,0.1253362022592792,1262.0,temporal_B,catboost,42,isotonic,split_cp
random,0.3498752425838647,0.382034932076517,0.1335050267754221,0.1338145763728498,1262.0000000000005,temporal_B,catboost,42,isotonic,split_cp
singleton,0.3498752425838647,0.2836767036450079,0.0715102974828375,0.1253362022592792,1262.0,temporal_B,catboost,42,isotonic,split_cp
confidence,0.3498752425838647,0.2836767036450079,0.0715102974828375,0.1253362022592792,1262.0,temporal_B,catboost,42,isotonic,mondrian_cp
random,0.3498752425838647,0.382034932076517,0.1335050267754221,0.1338145763728498,1262.0000000000005,temporal_B,catboost,42,isotonic,mondrian_cp
singleton,0.3498752425838647,0.2836767036450079,0.0715102974828375,0.1253362022592792,1262.0,temporal_B,catboost,42,isotonic,mondrian_cp
confidence,0.3498752425838647,0.2836767036450079,0.0715102974828375,0.1253362022592792,1262.0,temporal_B,catboost,42,isotonic,empirical_mondrian
random,0.3498752425838647,0.382034932076517,0.1335050267754221,0.1338145763728498,1262.0000000000005,temporal_B,catboost,42,isotonic,empirical_mondrian
singleton,0.3498752425838647,0.2836767036450079,0.0715102974828375,0.1253362022592792,1262.0,temporal_B,catboost,42,isotonic,empirical_mondrian
confidence,0.3498752425838647,0.2836767036450079,0.0715102974828375,0.1253362022592792,1262.0,temporal_B,catboost,42,isotonic,weighted_cap5
random,0.3498752425838647,0.382034932076517,0.1335050267754221,0.1338145763728498,1262.0000000000005,temporal_B,catboost,42,isotonic,weighted_cap5
singleton,0.3498752425838647,0.2836767036450079,0.0715102974828375,0.1253362022592792,1262.0,temporal_B,catboost,42,isotonic,weighted_cap5
confidence,0.3498752425838647,0.2836767036450079,0.0715102974828375,0.1253362022592792,1262.0,temporal_B,catboost,42,isotonic,weighted_cap10
random,0.3498752425838647,0.382034932076517,0.1335050267754221,0.1338145763728498,1262.0000000000005,temporal_B,catboost,42,isotonic,weighted_cap10
singleton,0.3498752425838647,0.2836767036450079,0.0715102974828375,0.1253362022592792,1262.0,temporal_B,catboost,42,isotonic,weighted_cap10
confidence,0.3498752425838647,0.2836767036450079,0.0715102974828375,0.1253362022592792,1262.0,temporal_B,catboost,42,isotonic,weighted_cap20
random,0.3498752425838647,0.382034932076517,0.1335050267754221,0.1338145763728498,1262.0000000000005,temporal_B,catboost,42,isotonic,weighted_cap20
singleton,0.3498752425838647,0.2836767036450079,0.0715102974828375,0.1253362022592792,1262.0,temporal_B,catboost,42,isotonic,weighted_cap20
confidence,0.3498752425838647,0.2836767036450079,0.0715102974828375,0.1253362022592792,1262.0,temporal_B,catboost,42,isotonic,weighted_p99
random,0.3498752425838647,0.382034932076517,0.1335050267754221,0.1338145763728498,1262.0000000000005,temporal_B,catboost,42,isotonic,weighted_p99
singleton,0.3498752425838647,0.2836767036450079,0.0715102974828375,0.1253362022592792,1262.0,temporal_B,catboost,42,isotonic,weighted_p99
confidence,0.2,0.1994995134158209,0.0559593023255814,0.0299482098626435,1438.6,temporal_J,logistic,42,none,fixed_budget
random,0.2,0.3849575976643958,0.0779796511627907,0.0763791938752533,1438.6,temporal_J,logistic,42,none,fixed_budget
confidence,0.4,0.2815237036007229,0.1199127906976744,0.1080837649178113,2877.2000000000003,temporal_J,logistic,42,none,fixed_budget
random,0.4,0.3849575976643958,0.1559593023255814,0.1527583877505066,2877.2000000000003,temporal_J,logistic,42,none,fixed_budget
confidence,0.6,0.3241577459567171,0.1936773255813953,0.1950011258725512,4315.8,temporal_J,logistic,42,none,fixed_budget
random,0.6,0.3849575976643963,0.233938953488372,0.22913758162576,4315.799999999999,temporal_J,logistic,42,none,fixed_budget
confidence,0.8,0.3566662032531628,0.2810319767441862,0.287998198603918,5754.400000000001,temporal_J,logistic,42,none,fixed_budget
random,0.8,0.3849575976643958,0.3119186046511629,0.3055167755010133,5754.400000000001,temporal_J,logistic,42,none,fixed_budget
confidence,0.2,0.1960239121367996,0.1024709302325581,0.0,1438.6,temporal_J,logistic,42,platt,fixed_budget
random,0.2,0.3435284304184623,0.1375,0.0260752082864219,1438.6,temporal_J,logistic,42,platt,fixed_budget
confidence,0.4,0.2339079660781315,0.2234738372093023,0.0130601215942355,2877.2000000000003,temporal_J,logistic,42,platt,fixed_budget
random,0.4,0.3435284304184623,0.2750000000000001,0.0521504165728439,2877.2000000000003,temporal_J,logistic,42,platt,fixed_budget
confidence,0.6,0.2817554103526576,0.4156976744186046,0.0162125647376716,4315.8,temporal_J,logistic,42,platt,fixed_budget
random,0.6,0.3435284304184626,0.4125000000000001,0.0782256248592659,4315.799999999999,temporal_J,logistic,42,platt,fixed_budget
confidence,0.8,0.310614486306131,0.5575581395348839,0.0569691510920963,5754.400000000001,temporal_J,logistic,42,platt,fixed_budget
random,0.8,0.3435284304184623,0.5500000000000002,0.1043008331456879,5754.400000000001,temporal_J,logistic,42,platt,fixed_budget
confidence,0.2,0.2013978621347178,0.1052801469720222,0.0,1438.6,temporal_J,logistic,42,isotonic,fixed_budget
random,0.2,0.3471430557486445,0.1215116279069768,0.0371537941904976,1438.6,temporal_J,logistic,42,isotonic,fixed_budget
confidence,0.4,0.2426768189871206,0.2024817382230172,0.031749605944607,2877.2,temporal_J,logistic,42,isotonic,fixed_budget
random,0.4,0.3471430557486445,0.2430232558139536,0.0743075883809952,2877.2000000000003,temporal_J,logistic,42,isotonic,fixed_budget
confidence,0.6,0.2774685589421608,0.3839021826608204,0.031749605944607,4315.8,temporal_J,logistic,42,isotonic,fixed_budget
random,0.6,0.3471430557486447,0.3645348837209302,0.1114613825714928,4315.799999999999,temporal_J,logistic,42,isotonic,fixed_budget
confidence,0.8,0.313235119632593,0.4967296511627907,0.0980590345448757,5754.400000000001,temporal_J,logistic,42,isotonic,fixed_budget
random,0.8,0.3471430557486445,0.4860465116279072,0.1486151767619905,5754.400000000001,temporal_J,logistic,42,isotonic,fixed_budget
confidence,0.3255943278187126,0.2211784799316823,0.1369912790697674,0.031749605944607,2342.0,temporal_J,logistic,42,isotonic,split_cp
random,0.3255943278187126,0.3471430557486446,0.1978174840526481,0.0604853232268493,2342.0,temporal_J,logistic,42,isotonic,split_cp
singleton,0.3255943278187126,0.2211784799316823,0.1369912790697674,0.031749605944607,2342.0,temporal_J,logistic,42,isotonic,split_cp
confidence,0.1911580703461698,0.1997563451776649,0.0998055867075905,0.0,1375.0,temporal_J,logistic,42,isotonic,mondrian_cp
random,0.1911580703461698,0.3471430557486442,0.1161396415765973,0.0355112380174713,1375.0,temporal_J,logistic,42,isotonic,mondrian_cp
singleton,0.1911580703461698,0.2429090909090909,0.0352470930232558,0.0533663589281693,1375.0,temporal_J,logistic,42,isotonic,mondrian_cp
confidence,0.1911580703461698,0.1997563451776649,0.0998055867075905,0.0,1375.0,temporal_J,logistic,42,isotonic,empirical_mondrian
random,0.1911580703461698,0.3471430557486442,0.1161396415765973,0.0355112380174713,1375.0,temporal_J,logistic,42,isotonic,empirical_mondrian
singleton,0.1911580703461698,0.2429090909090909,0.0352470930232558,0.0533663589281693,1375.0,temporal_J,logistic,42,isotonic,empirical_mondrian
confidence,0.1911580703461698,0.1997563451776649,0.0998055867075905,0.0,1375.0,temporal_J,logistic,42,isotonic,weighted_cap5
random,0.1911580703461698,0.3471430557486442,0.1161396415765973,0.0355112380174713,1375.0,temporal_J,logistic,42,isotonic,weighted_cap5
singleton,0.1911580703461698,0.2429090909090909,0.0352470930232558,0.0533663589281693,1375.0,temporal_J,logistic,42,isotonic,weighted_cap5
confidence,0.1911580703461698,0.1997563451776649,0.0998055867075905,0.0,1375.0,temporal_J,logistic,42,isotonic,weighted_cap10
random,0.1911580703461698,0.3471430557486442,0.1161396415765973,0.0355112380174713,1375.0,temporal_J,logistic,42,isotonic,weighted_cap10
singleton,0.1911580703461698,0.2429090909090909,0.0352470930232558,0.0533663589281693,1375.0,temporal_J,logistic,42,isotonic,weighted_cap10
confidence,0.1911580703461698,0.1997563451776649,0.0998055867075905,0.0,1375.0,temporal_J,logistic,42,isotonic,weighted_cap20
random,0.1911580703461698,0.3471430557486442,0.1161396415765973,0.0355112380174713,1375.0,temporal_J,logistic,42,isotonic,weighted_cap20
singleton,0.1911580703461698,0.2429090909090909,0.0352470930232558,0.0533663589281693,1375.0,temporal_J,logistic,42,isotonic,weighted_cap20
confidence,0.1911580703461698,0.1997563451776649,0.0998055867075905,0.0,1375.0,temporal_J,logistic,42,isotonic,weighted_p99
random,0.1911580703461698,0.3471430557486442,0.1161396415765973,0.0355112380174713,1375.0,temporal_J,logistic,42,isotonic,weighted_p99
singleton,0.1911580703461698,0.2429090909090909,0.0352470930232558,0.0533663589281693,1375.0,temporal_J,logistic,42,isotonic,weighted_p99
confidence,0.2,0.2120116780202975,0.1017441860465116,0.005629362756136,1438.6,temporal_J,catboost,42,none,fixed_budget
random,0.2,0.3567357152787432,0.1199854651162791,0.0412069353749155,1438.6,temporal_J,catboost,42,none,fixed_budget
confidence,0.4,0.2440567218128737,0.2086482558139535,0.0288223373114163,2877.2000000000003,temporal_J,catboost,42,none,fixed_budget
random,0.4,0.3567357152787432,0.2399709302325582,0.0824138707498311,2877.2000000000003,temporal_J,catboost,42,none,fixed_budget
confidence,0.6,0.2889383196626349,0.3488372093023256,0.0646250844404413,4315.8,temporal_J,catboost,42,none,fixed_budget
random,0.6,0.3567357152787435,0.3599563953488371,0.1236208061247466,4315.799999999999,temporal_J,catboost,42,none,fixed_budget
confidence,0.8,0.3227095787571249,0.4789244186046512,0.1213690610222922,5754.400000000001,temporal_J,catboost,42,none,fixed_budget
random,0.8,0.3567357152787432,0.4799418604651164,0.1648277414996622,5754.400000000001,temporal_J,catboost,42,none,fixed_budget
confidence,0.2,0.2036702349506464,0.1046511627906976,0.0011258725512272,1438.6,temporal_J,catboost,42,platt,fixed_budget
random,0.2,0.3483942722090922,0.1407703488372093,0.025624859265931,1438.6,temporal_J,catboost,42,platt,fixed_budget
confidence,0.4,0.2519013583467586,0.2470930232558139,0.0100811952792826,2877.2000000000003,temporal_J,catboost,42,platt,fixed_budget
random,0.4,0.3483942722090922,0.2815406976744187,0.0512497185318621,2877.2000000000003,temporal_J,catboost,42,platt,fixed_budget
confidence,0.6,0.2819407757542055,0.3934593023255814,0.0301733843728889,4315.8,temporal_J,catboost,42,platt,fixed_budget
random,0.6,0.3483942722090924,0.422311046511628,0.0768745777977932,4315.799999999999,temporal_J,catboost,42,platt,fixed_budget
confidence,0.8,0.3210412901431948,0.5670058139534886,0.0646250844404413,5754.400000000001,temporal_J,catboost,42,platt,fixed_budget
random,0.8,0.3483942722090922,0.5630813953488375,0.1024994370637243,5754.400000000001,temporal_J,catboost,42,platt,fixed_budget
confidence,0.2,0.2017498432678894,0.1054641440861866,0.0,1438.6,temporal_J,catboost,42,isotonic,fixed_budget
random,0.2,0.3559015709717781,0.1188953488372093,0.0416122494933573,1438.6,temporal_J,catboost,42,isotonic,fixed_budget
confidence,0.4,0.2464688243858066,0.2496366279069767,0.0049853865171904,2877.2,temporal_J,catboost,42,isotonic,fixed_budget
random,0.4,0.3559015709717781,0.2377906976744186,0.0832244989867147,2877.2000000000003,temporal_J,catboost,42,isotonic,fixed_budget
confidence,0.6,0.2828584397134763,0.3938083045477547,0.0308489079036253,4315.8,temporal_J,catboost,42,isotonic,fixed_budget
random,0.6,0.3559015709717784,0.3566860465116279,0.124836748480072,4315.799999999999,temporal_J,catboost,42,isotonic,fixed_budget
confidence,0.8,0.3236420183506947,0.5530523255813954,0.0766416641290783,5754.4,temporal_J,catboost,42,isotonic,fixed_budget
random,0.8,0.3559015709717781,0.4755813953488373,0.1664489979734294,5754.400000000001,temporal_J,catboost,42,isotonic,fixed_budget
confidence,0.292645627693591,0.2256532066508313,0.1726017441860465,0.0,2105.0,temporal_J,catboost,42,isotonic,split_cp
random,0.292645627693591,0.3559015709717782,0.1739710199515678,0.0608882143636293,2105.0,temporal_J,catboost,42,isotonic,split_cp
singleton,0.292645627693591,0.2256532066508313,0.1726017441860465,0.0,2105.0,temporal_J,catboost,42,isotonic,split_cp
confidence,0.1855971082997358,0.1960029319255142,0.0950813641426459,0.0,1335.0,temporal_J,catboost,42,isotonic,mondrian_cp
random,0.1855971082997358,0.3559015709717781,0.110333164672372,0.0386155658790713,1335.0,temporal_J,catboost,42,isotonic,mondrian_cp
singleton,0.1855971082997358,0.2052434456928838,0.049781976744186,0.0308489079036253,1335.0,temporal_J,catboost,42,isotonic,mondrian_cp
confidence,0.1855971082997358,0.1960029319255142,0.0950813641426459,0.0,1335.0,temporal_J,catboost,42,isotonic,empirical_mondrian
random,0.1855971082997358,0.3559015709717781,0.110333164672372,0.0386155658790713,1335.0,temporal_J,catboost,42,isotonic,empirical_mondrian
singleton,0.1855971082997358,0.2052434456928838,0.049781976744186,0.0308489079036253,1335.0,temporal_J,catboost,42,isotonic,empirical_mondrian
confidence,0.1855971082997358,0.1960029319255142,0.0950813641426459,0.0,1335.0,temporal_J,catboost,42,isotonic,weighted_cap5
random,0.1855971082997358,0.3559015709717781,0.110333164672372,0.0386155658790713,1335.0,temporal_J,catboost,42,isotonic,weighted_cap5
singleton,0.1855971082997358,0.2052434456928838,0.049781976744186,0.0308489079036253,1335.0,temporal_J,catboost,42,isotonic,weighted_cap5
confidence,0.1855971082997358,0.1960029319255142,0.0950813641426459,0.0,1335.0,temporal_J,catboost,42,isotonic,weighted_cap10
random,0.1855971082997358,0.3559015709717781,0.110333164672372,0.0386155658790713,1335.0,temporal_J,catboost,42,isotonic,weighted_cap10
singleton,0.1855971082997358,0.2052434456928838,0.049781976744186,0.0308489079036253,1335.0,temporal_J,catboost,42,isotonic,weighted_cap10
confidence,0.1855971082997358,0.1960029319255142,0.0950813641426459,0.0,1335.0,temporal_J,catboost,42,isotonic,weighted_cap20
random,0.1855971082997358,0.3559015709717781,0.110333164672372,0.0386155658790713,1335.0,temporal_J,catboost,42,isotonic,weighted_cap20
singleton,0.1855971082997358,0.2052434456928838,0.049781976744186,0.0308489079036253,1335.0,temporal_J,catboost,42,isotonic,weighted_cap20
confidence,0.1855971082997358,0.1960029319255142,0.0950813641426459,0.0,1335.0,temporal_J,catboost,42,isotonic,weighted_p99
random,0.1855971082997358,0.3559015709717781,0.110333164672372,0.0386155658790713,1335.0,temporal_J,catboost,42,isotonic,weighted_p99
singleton,0.1855971082997358,0.2052434456928838,0.049781976744186,0.0308489079036253,1335.0,temporal_J,catboost,42,isotonic,weighted_p99
