setting,model,comparison,metric,estimate,ci_lower,ci_upper,n_entities,iterations
course_1,catboost,weighted_cap10-minus-mondrian_cp,coverage,0.07000000000000006,0.059523809523809534,0.08095238095238089,2100,2000
course_1,catboost,weighted_cap10-minus-mondrian_cp,undercoverage,-0.024285714285714355,-0.03810714285714283,-0.010952380952380936,2100,2000
course_1,catboost,weighted_cap10-minus-mondrian_cp,absolute_coverage_gap,0.021428571428571352,0.0,0.04142857142857137,2100,2000
course_1,catboost,weighted_cap10-minus-mondrian_cp,automatic_coverage,-0.15714285714285714,-0.17238095238095238,-0.14095238095238097,2100,2000
course_1,catboost,weighted_cap10-minus-mondrian_cp,automatic_error,-0.04999999999999999,-0.08914163492395777,-0.01411472527379026,2100,2000
course_1,catboost,weighted_cap10-minus-empirical_mondrian,coverage,0.07000000000000006,0.059523809523809534,0.08095238095238089,2100,2000
course_1,catboost,weighted_cap10-minus-empirical_mondrian,undercoverage,-0.024285714285714355,-0.03810714285714283,-0.010952380952380936,2100,2000
course_1,catboost,weighted_cap10-minus-empirical_mondrian,absolute_coverage_gap,0.021428571428571352,0.0,0.04142857142857137,2100,2000
course_1,catboost,weighted_cap10-minus-empirical_mondrian,automatic_coverage,-0.15714285714285714,-0.17238095238095238,-0.14095238095238097,2100,2000
course_1,catboost,weighted_cap10-minus-empirical_mondrian,automatic_error,-0.04999999999999999,-0.08914163492395777,-0.01411472527379026,2100,2000
course_1,logistic,weighted_cap10-minus-mondrian_cp,coverage,0.043809523809523854,0.03523809523809529,0.05238095238095242,2100,2000
course_1,logistic,weighted_cap10-minus-mondrian_cp,undercoverage,-0.030000000000000027,-0.043333333333333335,-0.01571428571428579,2100,2000
course_1,logistic,weighted_cap10-minus-mondrian_cp,absolute_coverage_gap,-0.0161904761904762,-0.0400119047619049,0.007619047619047528,2100,2000
course_1,logistic,weighted_cap10-minus-mondrian_cp,automatic_coverage,-0.1023809523809524,-0.11523809523809525,-0.08998809523809527,2100,2000
course_1,logistic,weighted_cap10-minus-mondrian_cp,automatic_error,-0.03283535636476814,-0.05329445351150484,-0.012422164497746531,2100,2000
course_1,logistic,weighted_cap10-minus-empirical_mondrian,coverage,0.050000000000000044,0.04095238095238096,0.059047619047619126,2100,2000
course_1,logistic,weighted_cap10-minus-empirical_mondrian,undercoverage,-0.03619047619047622,-0.050011904761904806,-0.021904761904761982,2100,2000
course_1,logistic,weighted_cap10-minus-empirical_mondrian,absolute_coverage_gap,-0.02238095238095239,-0.04620238095238099,0.0019047619047618536,2100,2000
course_1,logistic,weighted_cap10-minus-empirical_mondrian,automatic_coverage,-0.11761904761904762,-0.13142857142857145,-0.10333333333333333,2100,2000
course_1,logistic,weighted_cap10-minus-empirical_mondrian,automatic_error,-0.03546577776003518,-0.05747736580495514,-0.014109920290909912,2100,2000
course_2,catboost,weighted_cap10-minus-mondrian_cp,coverage,0.0,0.0,0.0,2180,2000
course_2,catboost,weighted_cap10-minus-mondrian_cp,undercoverage,0.0,0.0,0.0,2180,2000
course_2,catboost,weighted_cap10-minus-mondrian_cp,absolute_coverage_gap,0.0,0.0,0.0,2180,2000
course_2,catboost,weighted_cap10-minus-mondrian_cp,automatic_coverage,0.0,0.0,0.0,2180,2000
course_2,catboost,weighted_cap10-minus-mondrian_cp,automatic_error,0.0,0.0,0.0,2180,2000
course_2,catboost,weighted_cap10-minus-empirical_mondrian,coverage,0.0,0.0,0.0,2180,2000
course_2,catboost,weighted_cap10-minus-empirical_mondrian,undercoverage,0.0,0.0,0.0,2180,2000
course_2,catboost,weighted_cap10-minus-empirical_mondrian,absolute_coverage_gap,0.0,0.0,0.0,2180,2000
course_2,catboost,weighted_cap10-minus-empirical_mondrian,automatic_coverage,0.0,0.0,0.0,2180,2000
course_2,catboost,weighted_cap10-minus-empirical_mondrian,automatic_error,0.0,0.0,0.0,2180,2000
course_2,logistic,weighted_cap10-minus-mondrian_cp,coverage,-0.04266055045871564,-0.05137614678899083,-0.0344036697247706,2180,2000
course_2,logistic,weighted_cap10-minus-mondrian_cp,undercoverage,0.0,0.0,0.0,2180,2000
course_2,logistic,weighted_cap10-minus-mondrian_cp,absolute_coverage_gap,-0.04266055045871564,-0.05137614678899083,-0.0344036697247706,2180,2000
course_2,logistic,weighted_cap10-minus-mondrian_cp,automatic_coverage,0.1848623853211009,0.1688073394495413,0.20229357798165137,2180,2000
course_2,logistic,weighted_cap10-minus-mondrian_cp,automatic_error,-0.10374708659535048,-0.16251615336485112,-0.04535454806260512,2180,2000
course_2,logistic,weighted_cap10-minus-empirical_mondrian,coverage,0.0,0.0,0.0,2180,2000
course_2,logistic,weighted_cap10-minus-empirical_mondrian,undercoverage,0.0,0.0,0.0,2180,2000
course_2,logistic,weighted_cap10-minus-empirical_mondrian,absolute_coverage_gap,0.0,0.0,0.0,2180,2000
course_2,logistic,weighted_cap10-minus-empirical_mondrian,automatic_coverage,0.0,0.0,0.0,2180,2000
course_2,logistic,weighted_cap10-minus-empirical_mondrian,automatic_error,0.0,0.0,0.0,2180,2000
iid,catboost,weighted_cap10-minus-mondrian_cp,coverage,0.0,0.0,0.0,856,2000
iid,catboost,weighted_cap10-minus-mondrian_cp,undercoverage,0.0,0.0,0.0,856,2000
iid,catboost,weighted_cap10-minus-mondrian_cp,absolute_coverage_gap,0.0,0.0,0.0,856,2000
iid,catboost,weighted_cap10-minus-mondrian_cp,automatic_coverage,0.0,0.0,0.0,856,2000
iid,catboost,weighted_cap10-minus-mondrian_cp,automatic_error,0.0,0.0,0.0,856,2000
iid,catboost,weighted_cap10-minus-empirical_mondrian,coverage,0.0,0.0,0.0,856,2000
iid,catboost,weighted_cap10-minus-empirical_mondrian,undercoverage,0.0,0.0,0.0,856,2000
iid,catboost,weighted_cap10-minus-empirical_mondrian,absolute_coverage_gap,0.0,0.0,0.0,856,2000
iid,catboost,weighted_cap10-minus-empirical_mondrian,automatic_coverage,0.0,0.0,0.0,856,2000
iid,catboost,weighted_cap10-minus-empirical_mondrian,automatic_error,0.0,0.0,0.0,856,2000
iid,logistic,weighted_cap10-minus-mondrian_cp,coverage,0.03621495327102797,0.024532710280373737,0.049065420560747586,856,2000
iid,logistic,weighted_cap10-minus-mondrian_cp,undercoverage,0.0,0.0,0.0,856,2000
iid,logistic,weighted_cap10-minus-mondrian_cp,absolute_coverage_gap,0.03621495327102797,0.024532710280373737,0.049065420560747586,856,2000
iid,logistic,weighted_cap10-minus-mondrian_cp,automatic_coverage,-0.11098130841121497,-0.13084112149532712,-0.09112149532710281,856,2000
iid,logistic,weighted_cap10-minus-mondrian_cp,automatic_error,-0.05844155844155843,-0.14036449332285938,0.026978114478114466,856,2000
iid,logistic,weighted_cap10-minus-empirical_mondrian,coverage,0.03621495327102797,0.024532710280373737,0.049065420560747586,856,2000
iid,logistic,weighted_cap10-minus-empirical_mondrian,undercoverage,0.0,0.0,0.0,856,2000
iid,logistic,weighted_cap10-minus-empirical_mondrian,absolute_coverage_gap,0.03621495327102797,0.024532710280373737,0.049065420560747586,856,2000
iid,logistic,weighted_cap10-minus-empirical_mondrian,automatic_coverage,-0.11331775700934581,-0.13434579439252337,-0.09345794392523364,856,2000
iid,logistic,weighted_cap10-minus-empirical_mondrian,automatic_error,-0.05493586168432793,-0.13687204249251167,0.028960784262781106,856,2000
temporal_1,catboost,weighted_cap10-minus-mondrian_cp,coverage,-0.10317460317460325,-0.11976911976911975,-0.08730158730158732,1386,2000
temporal_1,catboost,weighted_cap10-minus-mondrian_cp,undercoverage,0.01327561327561333,0.0,0.030591630591630614,1386,2000
temporal_1,catboost,weighted_cap10-minus-mondrian_cp,absolute_coverage_gap,-0.0766233766233766,-0.09105339105339105,-0.05714285714285705,1386,2000
temporal_1,catboost,weighted_cap10-minus-mondrian_cp,automatic_coverage,0.1904761904761905,0.17099567099567098,0.2106782106782107,1386,2000
temporal_1,catboost,weighted_cap10-minus-mondrian_cp,automatic_error,0.15917745620715923,0.013695102817027623,0.2958935328517371,1386,2000
temporal_1,catboost,weighted_cap10-minus-empirical_mondrian,coverage,-0.10317460317460325,-0.11976911976911975,-0.08730158730158732,1386,2000
temporal_1,catboost,weighted_cap10-minus-empirical_mondrian,undercoverage,0.01327561327561333,0.0,0.030591630591630614,1386,2000
temporal_1,catboost,weighted_cap10-minus-empirical_mondrian,absolute_coverage_gap,-0.0766233766233766,-0.09105339105339105,-0.05714285714285705,1386,2000
temporal_1,catboost,weighted_cap10-minus-empirical_mondrian,automatic_coverage,0.1904761904761905,0.17099567099567098,0.2106782106782107,1386,2000
temporal_1,catboost,weighted_cap10-minus-empirical_mondrian,automatic_error,0.15917745620715923,0.013695102817027623,0.2958935328517371,1386,2000
temporal_1,logistic,weighted_cap10-minus-mondrian_cp,coverage,-0.08946608946608947,-0.10461760461760461,-0.07503607503607501,1386,2000
temporal_1,logistic,weighted_cap10-minus-mondrian_cp,undercoverage,0.04862914862914869,0.030591630591630614,0.06812770562770554,1386,2000
temporal_1,logistic,weighted_cap10-minus-mondrian_cp,absolute_coverage_gap,0.007792207792207906,-0.018199855699855706,0.03667027417027413,1386,2000
temporal_1,logistic,weighted_cap10-minus-mondrian_cp,automatic_coverage,0.23232323232323235,0.20995670995670995,0.2561327561327561,1386,2000
temporal_1,logistic,weighted_cap10-minus-mondrian_cp,automatic_error,0.06825757054764686,0.03288714378175209,0.10368581009558069,1386,2000
temporal_1,logistic,weighted_cap10-minus-empirical_mondrian,coverage,-0.07215007215007219,-0.08585858585858586,-0.059163059163059084,1386,2000
temporal_1,logistic,weighted_cap10-minus-empirical_mondrian,undercoverage,0.04862914862914869,0.030591630591630614,0.06812770562770554,1386,2000
temporal_1,logistic,weighted_cap10-minus-empirical_mondrian,absolute_coverage_gap,0.02510822510822519,-0.00303030303030305,0.056854256854256935,1386,2000
temporal_1,logistic,weighted_cap10-minus-empirical_mondrian,automatic_coverage,0.1702741702741703,0.1507936507936508,0.18975468975468973,1386,2000
temporal_1,logistic,weighted_cap10-minus-empirical_mondrian,automatic_error,0.06152052323780721,0.03387661760661217,0.09154993119137324,1386,2000
temporal_2,catboost,weighted_cap10-minus-mondrian_cp,coverage,0.0,0.0,0.0,1399,2000
temporal_2,catboost,weighted_cap10-minus-mondrian_cp,undercoverage,0.0,0.0,0.0,1399,2000
temporal_2,catboost,weighted_cap10-minus-mondrian_cp,absolute_coverage_gap,0.0,0.0,0.0,1399,2000
temporal_2,catboost,weighted_cap10-minus-mondrian_cp,automatic_coverage,0.0,0.0,0.0,1399,2000
temporal_2,catboost,weighted_cap10-minus-mondrian_cp,automatic_error,0.0,0.0,0.0,1399,2000
temporal_2,catboost,weighted_cap10-minus-empirical_mondrian,coverage,0.0,0.0,0.0,1399,2000
temporal_2,catboost,weighted_cap10-minus-empirical_mondrian,undercoverage,0.0,0.0,0.0,1399,2000
temporal_2,catboost,weighted_cap10-minus-empirical_mondrian,absolute_coverage_gap,0.0,0.0,0.0,1399,2000
temporal_2,catboost,weighted_cap10-minus-empirical_mondrian,automatic_coverage,0.0,0.0,0.0,1399,2000
temporal_2,catboost,weighted_cap10-minus-empirical_mondrian,automatic_error,0.0,0.0,0.0,1399,2000
temporal_2,logistic,weighted_cap10-minus-mondrian_cp,coverage,0.0,0.0,0.0,1399,2000
temporal_2,logistic,weighted_cap10-minus-mondrian_cp,undercoverage,0.0,0.0,0.0,1399,2000
temporal_2,logistic,weighted_cap10-minus-mondrian_cp,absolute_coverage_gap,0.0,0.0,0.0,1399,2000
temporal_2,logistic,weighted_cap10-minus-mondrian_cp,automatic_coverage,0.0014295925661186315,0.0,0.0035739814152966343,1399,2000
temporal_2,logistic,weighted_cap10-minus-mondrian_cp,automatic_error,-0.0008924018357980845,-0.0022623847774565524,0.0,1399,2000
temporal_2,logistic,weighted_cap10-minus-empirical_mondrian,coverage,0.0,0.0,0.0,1399,2000
temporal_2,logistic,weighted_cap10-minus-empirical_mondrian,undercoverage,0.0,0.0,0.0,1399,2000
temporal_2,logistic,weighted_cap10-minus-empirical_mondrian,absolute_coverage_gap,0.0,0.0,0.0,1399,2000
temporal_2,logistic,weighted_cap10-minus-empirical_mondrian,automatic_coverage,0.0,0.0,0.0,1399,2000
temporal_2,logistic,weighted_cap10-minus-empirical_mondrian,automatic_error,0.0,0.0,0.0,1399,2000
