setting,model,calibration,method,observed_coverage,fail_coverage,automatic_error_rate,brier,ece,calibration_slope,calibration_intercept
course_1,catboost,isotonic,EIQ-batch,0.9391428571428572,0.9721470019342361,0.35802867877338473,,,,
course_1,catboost,isotonic,EQ,0.9304761904761903,0.9829787234042554,0.3691829518033515,,,,
course_1,catboost,isotonic,MCP,0.9304761904761903,0.9829787234042554,0.3691829518033515,,,,
course_1,catboost,isotonic,probability,,,,0.2505076930351596,0.07219662315082126,0.1982051614060314,-0.08422699394881714
course_1,catboost,none,EIQ-batch,0.8799047619047619,0.9119922630560928,0.36243865781303325,,,,
course_1,catboost,none,EQ,0.8551428571428572,0.9589941972920697,0.39035835576104144,,,,
course_1,catboost,none,MCP,0.865904761904762,0.9638297872340426,0.38651025856564375,,,,
course_1,catboost,none,probability,,,,0.252558439765064,0.0927303572346839,0.42684599316411936,-0.10637367405919207
course_1,catboost,platt,EIQ-batch,0.8799047619047619,0.9119922630560928,0.36243865781303325,,,,
course_1,catboost,platt,EQ,0.8551428571428572,0.9589941972920697,0.39035835576104144,,,,
course_1,catboost,platt,MCP,0.865904761904762,0.9638297872340426,0.38651025856564375,,,,
course_1,catboost,platt,probability,,,,0.24285710637178667,0.041206556102745415,0.6883949725716404,-0.052800201298352355
course_1,logistic,isotonic,EIQ-batch,0.9243809523809524,0.8998065764023211,0.3281293332703278,,,,
course_1,logistic,isotonic,EQ,0.8963809523809523,0.9686653771760154,0.3425465365811111,,,,
course_1,logistic,isotonic,MCP,0.9116190476190476,0.9686653771760154,0.3288497205947406,,,,
course_1,logistic,isotonic,probability,,,,0.24473191578127235,0.07152899692327111,0.20020339473073429,-0.0678675662634612
course_1,logistic,none,EIQ-batch,0.8967619047619048,0.8562862669245648,0.3217128802893423,,,,
course_1,logistic,none,EQ,0.831047619047619,0.9038684719535783,0.35709680225140283,,,,
course_1,logistic,none,MCP,0.8423809523809525,0.9100580270793037,0.35207801794619137,,,,
course_1,logistic,none,probability,,,,0.24641956644384794,0.10025941831867129,0.5397624702600334,-0.20367141568493458
course_1,logistic,platt,EIQ-batch,0.8967619047619048,0.8562862669245648,0.3217128802893423,,,,
course_1,logistic,platt,EQ,0.831047619047619,0.9038684719535783,0.35709680225140283,,,,
course_1,logistic,platt,MCP,0.8423809523809525,0.9100580270793037,0.35207801794619137,,,,
course_1,logistic,platt,probability,,,,0.23769818377221646,0.03899576023350834,0.6747354112748326,-0.00817623018023394
course_2,catboost,isotonic,EIQ-batch,0.9561467889908257,0.9705059203444565,0.39605514546679854,,,,
course_2,catboost,isotonic,EQ,0.9516513761467891,0.9466092572658773,0.3832018970380817,,,,
course_2,catboost,isotonic,MCP,0.9516513761467891,0.9466092572658773,0.3832018970380817,,,,
course_2,catboost,isotonic,probability,,,,0.24750035072931445,0.07415713466003598,0.2557409461466498,-0.23847858761606505
course_2,catboost,none,EIQ-batch,0.903302752293578,0.8930032292787944,0.3838211754649126,,,,
course_2,catboost,none,EQ,0.9057798165137616,0.872551130247578,0.3685473977185929,,,,
course_2,catboost,none,MCP,0.9121100917431193,0.8796555435952638,0.36819837273235867,,,,
course_2,catboost,none,probability,,,,0.2466840099206306,0.07567329027306115,0.42160444063038105,-0.18528388310331473
course_2,catboost,platt,EIQ-batch,0.903302752293578,0.8930032292787944,0.3838211754649126,,,,
course_2,catboost,platt,EQ,0.9057798165137616,0.872551130247578,0.3685473977185929,,,,
course_2,catboost,platt,MCP,0.9121100917431193,0.8796555435952638,0.36819837273235867,,,,
course_2,catboost,platt,probability,,,,0.2421473510377122,0.059428918808584454,0.6645228041405933,-0.2117389200188789
course_2,logistic,isotonic,EIQ-batch,0.9430275229357798,0.9248654467168999,0.30718499644634745,,,,
course_2,logistic,isotonic,EQ,0.9246788990825688,0.8596340150699678,0.26686735043220017,,,,
course_2,logistic,isotonic,MCP,0.933211009174312,0.8796555435952638,0.28761676775127026,,,,
course_2,logistic,isotonic,probability,,,,0.23545082928126254,0.06660951890870917,0.33098525008556107,-0.11736318868594164
course_2,logistic,none,EIQ-batch,0.9233027522935779,0.8960172228202369,0.28509938236082444,,,,
course_2,logistic,none,EQ,0.9011926605504588,0.8146393972012917,0.2812267610430621,,,,
course_2,logistic,none,MCP,0.9037614678899082,0.8178686759956942,0.279185772144394,,,,
course_2,logistic,none,probability,,,,0.22928774758314957,0.0327212455723864,0.7482924913771177,-0.012849520613550058
course_2,logistic,platt,EIQ-batch,0.9233027522935779,0.8960172228202369,0.28509938236082444,,,,
course_2,logistic,platt,EQ,0.9011926605504588,0.8146393972012917,0.2812267610430621,,,,
course_2,logistic,platt,MCP,0.9037614678899082,0.8178686759956942,0.279185772144394,,,,
course_2,logistic,platt,probability,,,,0.22934030955457058,0.030358821071615062,0.8801794941891682,3.6449358068576034e-05
iid,catboost,isotonic,EIQ-batch,0.9616822429906542,0.9607142857142857,0.2185834736688667,,,,
iid,catboost,isotonic,EQ,0.9616822429906542,0.9607142857142857,0.2185834736688667,,,,
iid,catboost,isotonic,MCP,0.9616822429906542,0.9607142857142857,0.2185834736688667,,,,
iid,catboost,isotonic,probability,,,,0.2240813418512353,0.03234177853717348,0.6072010546860774,-0.05020056337605182
iid,catboost,none,EIQ-batch,0.9254672897196261,0.9204081632653061,0.24208209917586404,,,,
iid,catboost,none,EQ,0.9228971962616823,0.9198979591836733,0.24314186262200294,,,,
iid,catboost,none,MCP,0.925,0.9209183673469388,0.2435664779133206,,,,
iid,catboost,none,probability,,,,0.22114488157831866,0.02917554219701366,0.8914114547314881,0.01221988811695318
iid,catboost,platt,EIQ-batch,0.9254672897196261,0.9204081632653061,0.24208209917586404,,,,
iid,catboost,platt,EQ,0.9228971962616823,0.9198979591836733,0.24314186262200294,,,,
iid,catboost,platt,MCP,0.925,0.9209183673469388,0.2435664779133206,,,,
iid,catboost,platt,probability,,,,0.2217064135048422,0.031616386344844025,1.2260505988028205,0.03288524268161074
iid,logistic,isotonic,EIQ-batch,0.9609813084112149,0.9683673469387756,0.24221981580454094,,,,
iid,logistic,isotonic,EQ,0.9537383177570093,0.9683673469387756,0.2532069881414065,,,,
iid,logistic,isotonic,MCP,0.9537383177570093,0.9683673469387756,0.25390812749285263,,,,
iid,logistic,isotonic,probability,,,,0.22416821866576403,0.04674983864793898,0.632181270532195,-0.07450385765590295
iid,logistic,none,EIQ-batch,0.9252336448598131,0.9316326530612244,0.23636667389752986,,,,
iid,logistic,none,EQ,0.9156542056074766,0.9280612244897959,0.24828411459926425,,,,
iid,logistic,none,MCP,0.9205607476635513,0.935204081632653,0.24777506805495322,,,,
iid,logistic,none,probability,,,,0.22287365817569205,0.042954409208040015,1.111027696846807,-0.17346554861479088
iid,logistic,platt,EIQ-batch,0.9252336448598131,0.9316326530612244,0.23636667389752986,,,,
iid,logistic,platt,EQ,0.9156542056074766,0.9280612244897959,0.24828411459926425,,,,
iid,logistic,platt,MCP,0.9205607476635513,0.935204081632653,0.24777506805495322,,,,
iid,logistic,platt,probability,,,,0.22195267259715315,0.03326213128357366,1.1733545350135,0.014786000815031158
temporal_1,catboost,isotonic,EIQ-batch,0.9187590187590187,0.9193043478260868,0.36845321347559246,,,,
temporal_1,catboost,isotonic,EQ,0.9468975468975469,0.9273043478260868,0.32838198705663413,,,,
temporal_1,catboost,isotonic,MCP,0.9591630591630592,0.9568695652173913,0.33781215465439945,,,,
temporal_1,catboost,isotonic,probability,,,,0.2448703885090306,0.07081749729691829,0.33859948913787685,-0.3294964015788985
temporal_1,catboost,none,EIQ-batch,0.8317460317460318,0.8194782608695652,0.38830827905472326,,,,
temporal_1,catboost,none,EQ,0.8946608946608947,0.8716521739130435,0.34569225089265654,,,,
temporal_1,catboost,none,MCP,0.9021645021645022,0.8800000000000001,0.34496115394346066,,,,
temporal_1,catboost,none,probability,,,,0.2502393916737036,0.0962035009178792,0.3944358841648722,-0.28705862422399175
temporal_1,catboost,platt,EIQ-batch,0.8317460317460318,0.8194782608695652,0.38830827905472326,,,,
temporal_1,catboost,platt,EQ,0.8946608946608947,0.8716521739130435,0.34569225089265654,,,,
temporal_1,catboost,platt,MCP,0.9021645021645022,0.8800000000000001,0.34496115394346066,,,,
temporal_1,catboost,platt,probability,,,,0.24142025615693377,0.07062180780273089,1.0146212837626272,-0.29782157119214736
temporal_1,logistic,isotonic,EIQ-batch,0.9082251082251082,0.8772173913043477,0.31464399039364305,,,,
temporal_1,logistic,isotonic,EQ,0.9023088023088024,0.8045217391304348,0.27234213140677016,,,,
temporal_1,logistic,isotonic,MCP,0.9092352092352092,0.8128695652173914,0.2678561834484167,,,,
temporal_1,logistic,isotonic,probability,,,,0.23755054253442162,0.07143980729697459,0.20868489967470844,-0.20115719723415304
temporal_1,logistic,none,EIQ-batch,0.8584415584415584,0.8198260869565217,0.3121811261102628,,,,
temporal_1,logistic,none,EQ,0.8715728715728716,0.784695652173913,0.2943978234641555,,,,
temporal_1,logistic,none,MCP,0.880952380952381,0.798608695652174,0.29137415238311287,,,,
temporal_1,logistic,none,probability,,,,0.23046546779926552,0.04523189707659274,0.6136132872352565,-0.11242782312729611
temporal_1,logistic,platt,EIQ-batch,0.8584415584415584,0.8198260869565217,0.3121811261102628,,,,
temporal_1,logistic,platt,EQ,0.8715728715728716,0.784695652173913,0.2943978234641555,,,,
temporal_1,logistic,platt,MCP,0.880952380952381,0.798608695652174,0.29137415238311287,,,,
temporal_1,logistic,platt,probability,,,,0.22834508113879742,0.03485995737659142,0.8074804429806065,-0.11255871919709129
temporal_2,catboost,isotonic,EIQ-batch,0.8601858470335955,0.713657770800628,0.2900947781459463,,,,
temporal_2,catboost,isotonic,EQ,0.8287348105789849,0.6383045525902669,0.32162360637328824,,,,
temporal_2,catboost,isotonic,MCP,0.8287348105789849,0.6383045525902669,0.32162360637328824,,,,
temporal_2,catboost,isotonic,probability,,,,0.2547139692694224,0.15554385632419615,0.1498798138364516,0.07760181986129132
temporal_2,catboost,none,EIQ-batch,0.8,0.6172684458398744,0.3151921108568294,,,,
temporal_2,catboost,none,EQ,0.7894210150107219,0.576138147566719,0.3264282704148721,,,,
temporal_2,catboost,none,MCP,0.7922802001429593,0.5808477237048666,0.32622750587023697,,,,
temporal_2,catboost,none,probability,,,,0.26063570013356063,0.1808196823496368,0.49917411442135623,0.4637056784242014
temporal_2,catboost,platt,EIQ-batch,0.8,0.6172684458398744,0.3151921108568294,,,,
temporal_2,catboost,platt,EQ,0.7894210150107219,0.576138147566719,0.3264282704148721,,,,
temporal_2,catboost,platt,MCP,0.7922802001429593,0.5808477237048666,0.32622750587023697,,,,
temporal_2,catboost,platt,probability,,,,0.24012524077533454,0.12349906709960598,0.8496997358295559,0.47088454210532865
temporal_2,logistic,isotonic,EIQ-batch,0.8178699070764832,0.6411302982731554,0.3144317044027793,,,,
temporal_2,logistic,isotonic,EQ,0.8440314510364546,0.6778649921507064,0.3022113417068471,,,,
temporal_2,logistic,isotonic,MCP,0.8440314510364546,0.6778649921507064,0.3023898220740067,,,,
temporal_2,logistic,isotonic,probability,,,,0.25464995201481694,0.16037528519642988,0.10416228956781545,0.19153116511952634
temporal_2,logistic,none,EIQ-batch,0.78084345961401,0.5952904238618524,0.3237809269270306,,,,
temporal_2,logistic,none,EQ,0.7979985704074338,0.6034536891679749,0.3202024781159166,,,,
temporal_2,logistic,none,MCP,0.801143674052895,0.6081632653061224,0.3188235875295293,,,,
temporal_2,logistic,none,probability,,,,0.2429670582101104,0.13235449442437566,0.4981509900957466,0.32002453172477313
temporal_2,logistic,platt,EIQ-batch,0.78084345961401,0.5952904238618524,0.3237809269270306,,,,
temporal_2,logistic,platt,EQ,0.7979985704074338,0.6034536891679749,0.3202024781159166,,,,
temporal_2,logistic,platt,MCP,0.801143674052895,0.6081632653061224,0.3188235875295293,,,,
temporal_2,logistic,platt,probability,,,,0.2400751606301089,0.12118325169556332,0.8284133249509245,0.4296678043981072
