setting,model,method,metric,balanced,unweighted,delta,minimum,maximum
course_1,catboost,EIQ-batch,observed_coverage,0.9165714285714284,0.939142857142857,-0.022571428571428596,-0.04238095238095241,0.012857142857142678
course_1,catboost,EIQ-batch,pass_coverage,0.8726078799249531,0.9071294559099436,-0.03452157598499066,-0.11257035647279556,0.026266416510318913
course_1,catboost,EIQ-batch,fail_coverage,0.9618955512572533,0.9721470019342361,-0.010251450676982632,-0.05029013539651839,0.029980657640231945
course_1,catboost,EIQ-batch,automatic_coverage,0.22666666666666666,0.1676190476190476,0.05904761904761906,-0.02523809523809528,0.09904761904761902
course_1,catboost,EIQ-batch,automatic_error_rate,0.36784630639348925,0.35802867877338473,0.009817627620104541,-0.011994002998500786,0.03635804604327608
course_1,catboost,EQ,observed_coverage,0.9134285714285714,0.9304761904761903,-0.01704761904761907,-0.08666666666666656,0.02619047619047632
course_1,catboost,EQ,pass_coverage,0.8407129455909944,0.8795497185741088,-0.03883677298311448,-0.1707317073170732,0.05065666041275796
course_1,catboost,EQ,fail_coverage,0.9883945841392648,0.9829787234042554,0.005415860735009636,-0.0029013539651837617,0.029980657640231945
course_1,catboost,EQ,automatic_coverage,0.22838095238095235,0.18352380952380948,0.04485714285714286,-0.06285714285714289,0.2242857142857143
course_1,catboost,EQ,automatic_error_rate,0.376704645372634,0.3691829518033514,0.007521693569282495,-0.011994002998500786,0.03635804604327608
course_1,catboost,MCP,observed_coverage,0.9226666666666666,0.9304761904761903,-0.007809523809523822,-0.04238095238095241,0.02619047619047632
course_1,catboost,MCP,pass_coverage,0.8589118198874297,0.8795497185741088,-0.0206378986866792,-0.11257035647279556,0.05065666041275796
course_1,catboost,MCP,fail_coverage,0.9883945841392648,0.9829787234042554,0.005415860735009636,-0.0029013539651837617,0.029980657640231945
course_1,catboost,MCP,automatic_coverage,0.2055238095238095,0.18352380952380948,0.022,-0.06285714285714289,0.11
course_1,catboost,MCP,automatic_error_rate,0.3732865676090064,0.3691829518033514,0.004103615805655015,-0.011994002998500786,0.03635804604327608
course_1,logistic,EIQ-batch,observed_coverage,0.9243809523809524,0.9377142857142857,-0.01333333333333333,-0.059523809523809534,0.0
course_1,logistic,EIQ-batch,pass_coverage,0.9482176360225141,0.972045028142589,-0.023827392120074987,-0.11726078799249517,0.0
course_1,logistic,EIQ-batch,fail_coverage,0.899806576402321,0.9023210831721471,-0.0025145067698259193,-0.010638297872340385,0.0
course_1,logistic,EIQ-batch,automatic_coverage,0.23199999999999998,0.1931428571428571,0.03885714285714288,-0.0014285714285713902,0.1680952380952381
course_1,logistic,EIQ-batch,automatic_error_rate,0.3281293332703278,0.3192589290414902,0.008870404228837569,-0.0036307419142520003,0.04616141732283474
course_1,logistic,EQ,observed_coverage,0.8963809523809523,0.9067619047619047,-0.010380952380952402,-0.07047619047619058,0.043333333333333335
course_1,logistic,EQ,pass_coverage,0.8262664165103188,0.8508442776735461,-0.024577861163227042,-0.13883677298311425,0.054409005628517804
course_1,logistic,EQ,fail_coverage,0.9686653771760156,0.9644100580270794,0.004255319148936176,-0.010638297872340385,0.03191489361702127
course_1,logistic,EQ,automatic_coverage,0.29714285714285715,0.269047619047619,0.028095238095238107,-0.109047619047619,0.1771428571428571
course_1,logistic,EQ,automatic_error_rate,0.3425465365811111,0.3326978779929657,0.009848658588145409,-0.011400225388392526,0.06640570109404798
course_1,logistic,MCP,observed_coverage,0.9116190476190477,0.9126666666666667,-0.001047619047619075,-0.026666666666666616,0.013809523809523827
course_1,logistic,MCP,pass_coverage,0.8562851782363978,0.8624765478424015,-0.006191369606003772,-0.04221388367729839,0.010318949343339434
course_1,logistic,MCP,fail_coverage,0.9686653771760156,0.9644100580270794,0.004255319148936176,-0.010638297872340385,0.03191489361702127
course_1,logistic,MCP,automatic_coverage,0.25895238095238093,0.2552380952380952,0.0037142857142857173,-0.040000000000000036,0.0761904761904762
course_1,logistic,MCP,automatic_error_rate,0.3288497205947406,0.3302335010882626,-0.00138378049352198,-0.011400225388392526,0.0031908831908832314
course_2,catboost,EIQ-batch,observed_coverage,0.9423853211009174,0.9561467889908257,-0.013761467889908263,-0.09999999999999998,0.03715596330275228
course_2,catboost,EIQ-batch,pass_coverage,0.9542765787370102,0.9454836131095125,0.008792965627497918,-0.09992006394884101,0.08393285371702619
course_2,catboost,EIQ-batch,fail_coverage,0.9263724434876212,0.9705059203444565,-0.04413347685683529,-0.131324004305705,0.046286329386437175
course_2,catboost,EIQ-batch,automatic_coverage,0.1695412844036697,0.11110091743119262,0.05844036697247708,-0.08348623853211011,0.2729357798165138
course_2,catboost,EIQ-batch,automatic_error_rate,0.3406773760324686,0.3960551454667986,-0.05537776943432994,-0.1486744432661718,0.052687665124684535
course_2,catboost,EQ,observed_coverage,0.9468807339449542,0.951651376146789,-0.004770642201834896,-0.06743119266055042,0.03715596330275228
course_2,catboost,EQ,pass_coverage,0.9621103117505994,0.9553956834532376,0.00671462829736198,-0.043165467625899456,0.08393285371702619
course_2,catboost,EQ,fail_coverage,0.9263724434876212,0.9466092572658773,-0.020236813778256167,-0.1001076426264802,0.046286329386437175
course_2,catboost,EQ,automatic_coverage,0.15999999999999998,0.1295412844036697,0.030458715596330295,-0.0600917431192661,0.203211009174312
course_2,catboost,EQ,automatic_error_rate,0.3445461946134299,0.38320189703808166,-0.03865570242465185,-0.1486744432661718,0.025603186600919092
course_2,catboost,MCP,observed_coverage,0.9513761467889909,0.951651376146789,-0.00027522935779817904,-0.044954128440366836,0.03715596330275228
course_2,catboost,MCP,pass_coverage,0.9699440447641885,0.9553956834532376,0.01454836131095114,-0.02717825739408486,0.08393285371702619
course_2,catboost,MCP,fail_coverage,0.9263724434876212,0.9466092572658773,-0.020236813778256167,-0.1001076426264802,0.046286329386437175
course_2,catboost,MCP,automatic_coverage,0.14889908256880732,0.1295412844036697,0.019357798165137635,-0.0600917431192661,0.14770642201834872
course_2,catboost,MCP,automatic_error_rate,0.34081235215103406,0.38320189703808166,-0.04238954488704768,-0.1486744432661718,0.012616464137177874
course_2,logistic,EIQ-batch,observed_coverage,0.9430275229357798,0.9429357798165137,9.174311926607448e-05,-0.0004587155963302614,0.0009174311926606338
course_2,logistic,EIQ-batch,pass_coverage,0.9565147881694644,0.9568345323741007,-0.0003197442046362742,-0.0007993605115907965,0.0
course_2,logistic,EIQ-batch,fail_coverage,0.9248654467168999,0.9242195909580193,0.0006458557588804759,0.0,0.002152852529601623
course_2,logistic,EIQ-batch,automatic_coverage,0.19550458715596325,0.19596330275229357,-0.00045871559633028913,-0.002293577981651418,0.0009174311926604672
course_2,logistic,EIQ-batch,automatic_error_rate,0.30718499644634745,0.30762742981640356,-0.00044243337005610007,-0.002315963606286109,0.003047851264858209
course_2,logistic,EQ,observed_coverage,0.9246788990825687,0.9244954128440366,0.00018348623853212676,0.0,0.0009174311926606338
course_2,logistic,EQ,pass_coverage,0.9729816147082333,0.9731414868105513,-0.0001598721023181149,-0.0007993605115905744,0.0
course_2,logistic,EQ,fail_coverage,0.8596340150699676,0.8589881593110873,0.000645855758880498,0.0,0.002152852529601623
course_2,logistic,EQ,automatic_coverage,0.281743119266055,0.2826605504587155,-0.000917431192660556,-0.001834862385321101,0.0
course_2,logistic,EQ,automatic_error_rate,0.26686735043220017,0.2666756403347116,0.00019171009748857325,-0.0015451755027039993,0.0011847527472526598
course_2,logistic,MCP,observed_coverage,0.933211009174312,0.9331192660550458,9.174311926607448e-05,0.0,0.0004587155963303724
course_2,logistic,MCP,pass_coverage,0.9729816147082333,0.9731414868105513,-0.0001598721023181149,-0.0007993605115905744,0.0
course_2,logistic,MCP,fail_coverage,0.8796555435952638,0.8792249730893434,0.00043057050592032464,0.0,0.0010764262648008671
course_2,logistic,MCP,automatic_coverage,0.2447706422018348,0.24550458715596327,-0.0007339449541284377,-0.0013761467889907841,0.0
course_2,logistic,MCP,automatic_error_rate,0.28761676775127026,0.2873903172240873,0.0002264505271829753,-0.001371473354231989,0.0011847527472526598
iid,catboost,EIQ-batch,observed_coverage,0.9565420560747665,0.9616822429906542,-0.005140186915887824,-0.029205607476635476,0.04439252336448596
iid,catboost,EIQ-batch,pass_coverage,0.9629310344827585,0.9625,0.00043103448275865207,-0.04525862068965514,0.04525862068965525
iid,catboost,EIQ-batch,fail_coverage,0.9489795918367347,0.9607142857142857,-0.01173469387755104,-0.05357142857142838,0.04336734693877553
iid,catboost,EIQ-batch,automatic_coverage,0.1911214953271028,0.17289719626168223,0.018224299065420557,-0.17990654205607481,0.1121495327102803
iid,catboost,EIQ-batch,automatic_error_rate,0.22242643813955829,0.2185834736688667,0.0038429644706916067,-0.031674050301740586,0.028850953379255306
iid,catboost,EQ,observed_coverage,0.9518691588785048,0.9616822429906542,-0.009813084112149494,-0.029205607476635476,0.0210280373831776
iid,catboost,EQ,pass_coverage,0.9629310344827585,0.9625,0.00043103448275865207,-0.04525862068965514,0.04525862068965525
iid,catboost,EQ,fail_coverage,0.9387755102040817,0.9607142857142857,-0.021938775510204112,-0.05357142857142838,0.020408163265306034
iid,catboost,EQ,automatic_coverage,0.20607476635514016,0.17289719626168223,0.03317757009345794,-0.10514018691588792,0.1121495327102803
iid,catboost,EQ,automatic_error_rate,0.231293171978451,0.2185834736688667,0.012709698309584305,-0.01929392446633829,0.028850953379255306
iid,catboost,MCP,observed_coverage,0.9565420560747665,0.9616822429906542,-0.005140186915887824,-0.029205607476635476,0.04439252336448596
iid,catboost,MCP,pass_coverage,0.9629310344827585,0.9625,0.00043103448275865207,-0.04525862068965514,0.04525862068965525
iid,catboost,MCP,fail_coverage,0.9489795918367347,0.9607142857142857,-0.01173469387755104,-0.05357142857142838,0.04336734693877553
iid,catboost,MCP,automatic_coverage,0.1911214953271028,0.17289719626168223,0.018224299065420557,-0.17990654205607481,0.1121495327102803
iid,catboost,MCP,automatic_error_rate,0.22242643813955829,0.2185834736688667,0.0038429644706916067,-0.031674050301740586,0.028850953379255306
iid,logistic,EIQ-batch,observed_coverage,0.9609813084112149,0.966822429906542,-0.00584112149532714,-0.02570093457943934,0.0
iid,logistic,EIQ-batch,pass_coverage,0.9547413793103446,0.9646551724137931,-0.009913793103448287,-0.04741379310344829,0.0
iid,logistic,EIQ-batch,fail_coverage,0.9683673469387756,0.9693877551020409,-0.001020408163265274,-0.0025510204081632404,0.0
iid,logistic,EIQ-batch,automatic_coverage,0.15724299065420558,0.1450934579439252,0.012149532710280356,-0.002336448598130897,0.054906542056074786
iid,logistic,EIQ-batch,automatic_error_rate,0.24221981580454094,0.22805782777802594,0.014161988026514994,0.0011763058395181936,0.046808510638297884
iid,logistic,EQ,observed_coverage,0.9537383177570093,0.9595794392523365,-0.005841121495327117,-0.02570093457943934,0.0
iid,logistic,EQ,pass_coverage,0.9413793103448274,0.9512931034482758,-0.009913793103448287,-0.04741379310344829,0.0
iid,logistic,EQ,fail_coverage,0.9683673469387756,0.9693877551020409,-0.001020408163265274,-0.0025510204081632404,0.0
iid,logistic,EQ,automatic_coverage,0.17990654205607473,0.16752336448598126,0.01238317757009344,-0.002336448598130897,0.054906542056074786
iid,logistic,EQ,automatic_error_rate,0.2532069881414065,0.24088152581911532,0.012325462322291253,0.0011763058395181936,0.046808510638297884
iid,logistic,MCP,observed_coverage,0.9537383177570093,0.9595794392523365,-0.005841121495327117,-0.02570093457943934,0.0
iid,logistic,MCP,pass_coverage,0.9413793103448274,0.9512931034482758,-0.009913793103448287,-0.04741379310344829,0.0
iid,logistic,MCP,fail_coverage,0.9683673469387756,0.9693877551020409,-0.001020408163265274,-0.0025510204081632404,0.0
iid,logistic,MCP,automatic_coverage,0.17943925233644858,0.16752336448598126,0.011915887850467276,-0.002336448598130897,0.054906542056074786
iid,logistic,MCP,automatic_error_rate,0.25390812749285263,0.24088152581911532,0.013026601673737353,0.0011763058395181936,0.046808510638297884
temporal_1,catboost,EIQ-batch,observed_coverage,0.9063492063492063,0.9187590187590187,-0.012409812409812426,-0.11327561327561331,0.044011544011543946
temporal_1,catboost,EIQ-batch,pass_coverage,0.8828606658446363,0.9183723797780518,-0.03551171393341557,-0.17879161528976584,0.06165228113440202
temporal_1,catboost,EIQ-batch,fail_coverage,0.9394782608695651,0.919304347826087,0.02017391304347822,-0.02086956521739136,0.08869565217391318
temporal_1,catboost,EIQ-batch,automatic_coverage,0.2316017316017316,0.22106782106782102,0.010533910533910515,-0.16305916305916313,0.24025974025974028
temporal_1,catboost,EIQ-batch,automatic_error_rate,0.3798146059630792,0.3684532134755924,0.011361392487486705,-0.097326557666814,0.0837606837606838
temporal_1,catboost,EQ,observed_coverage,0.9323232323232323,0.9468975468975469,-0.014574314574314528,-0.044733044733044736,0.030303030303030387
temporal_1,catboost,EQ,pass_coverage,0.9331689272503082,0.9607891491985203,-0.0276202219482121,-0.10110974106041937,0.06165228113440202
temporal_1,catboost,EQ,fail_coverage,0.9311304347826086,0.9273043478260871,0.003826086956521757,-0.07478260869565201,0.14956521739130446
temporal_1,catboost,EQ,automatic_coverage,0.18441558441558437,0.16551226551226547,0.018903318903318873,-0.0916305916305917,0.11616161616161619
temporal_1,catboost,EQ,automatic_error_rate,0.35539390045438435,0.32838198705663413,0.027011913397750213,-0.097326557666814,0.15468330552129433
temporal_1,catboost,MCP,observed_coverage,0.9572871572871573,0.9591630591630592,-0.0018759018759017866,-0.044011544011543946,0.030303030303030387
temporal_1,catboost,MCP,pass_coverage,0.9526510480887793,0.9607891491985203,-0.008138101109741069,-0.06165228113440191,0.06165228113440202
temporal_1,catboost,MCP,fail_coverage,0.9638260869565217,0.9568695652173913,0.006956521739130439,-0.022608695652173938,0.08869565217391318
temporal_1,catboost,MCP,automatic_coverage,0.12222222222222215,0.12467532467532468,-0.0024531024531024986,-0.11111111111111122,0.11616161616161619
temporal_1,catboost,MCP,automatic_error_rate,0.34478236145574853,0.3378121546543994,0.0069702068013490935,-0.097326557666814,0.10609318996415773
temporal_1,logistic,EIQ-batch,observed_coverage,0.9082251082251082,0.9083694083694083,-0.0001443001443001135,-0.0007215007215005675,0.0
temporal_1,logistic,EIQ-batch,pass_coverage,0.930209617755857,0.9304562268803945,-0.0002466091245376001,-0.0012330456226880004,0.0
temporal_1,logistic,EIQ-batch,fail_coverage,0.877217391304348,0.877217391304348,0.0,0.0,0.0
temporal_1,logistic,EIQ-batch,automatic_coverage,0.3024531024531024,0.30216450216450214,0.00028860028860028806,-0.0007215007215007341,0.0014430014430013849
temporal_1,logistic,EIQ-batch,automatic_error_rate,0.31464399039364305,0.31511019336197404,-0.0004662029683309421,-0.004636886102403315,0.001827404962718493
temporal_1,logistic,EQ,observed_coverage,0.9023088023088024,0.9023088023088024,4.4408920985006264e-17,-0.0007215007215005675,0.0007215007215007896
temporal_1,logistic,EQ,pass_coverage,0.9716399506781752,0.9716399506781752,4.4408920985006264e-17,-0.0012330456226880004,0.0012330456226882225
temporal_1,logistic,EQ,fail_coverage,0.8045217391304348,0.8045217391304348,0.0,0.0,0.0
temporal_1,logistic,EQ,automatic_coverage,0.354978354978355,0.3552669552669553,-0.00028860028860028253,-0.0014430014430014682,0.0007215007215007896
temporal_1,logistic,EQ,automatic_error_rate,0.27234213140677016,0.2721338924580653,0.00020823894870483083,-0.0011734760401135857,0.001827404962718493
temporal_1,logistic,MCP,observed_coverage,0.9092352092352092,0.9095238095238095,-0.0002886002886002714,-0.0007215007215007896,0.0007215007215007896
temporal_1,logistic,MCP,pass_coverage,0.9775585696670778,0.9778051787916153,-0.0002466091245375557,-0.0012330456226880004,0.0012330456226882225
temporal_1,logistic,MCP,fail_coverage,0.8128695652173914,0.8132173913043479,-0.0003478260869565153,-0.0017391304347825765,0.0
temporal_1,logistic,MCP,automatic_coverage,0.3349206349206349,0.3347763347763347,0.00014430014430015238,-0.001443001443001496,0.0014430014430014126
temporal_1,logistic,MCP,automatic_error_rate,0.2678561834484167,0.2672114563516078,0.0006447270968089391,-0.0015149477836045033,0.001827404962718493
temporal_2,catboost,EIQ-batch,observed_coverage,0.8503216583273767,0.8601858470335955,-0.009864188706218769,-0.06719085060757679,0.06719085060757679
temporal_2,catboost,EIQ-batch,pass_coverage,0.9753280839895012,0.9826771653543307,-0.007349081364829391,-0.03280839895013121,0.00656167979002642
temporal_2,catboost,EIQ-batch,fail_coverage,0.7007849293563579,0.713657770800628,-0.012872841444270044,-0.1491365777080063,0.13971742543171106
temporal_2,catboost,EIQ-batch,automatic_coverage,0.47047891350964977,0.4434596140100071,0.027019299499642612,-0.16225875625446745,0.1579699785561115
temporal_2,catboost,EIQ-batch,automatic_error_rate,0.2924529624722257,0.2900947781459463,0.002358184326279378,-0.04481477202711037,0.021487115221180297
temporal_2,catboost,EQ,observed_coverage,0.8430307362401714,0.8287348105789849,0.01429592566118656,-0.026447462473195182,0.10721944245889925
temporal_2,catboost,EQ,pass_coverage,0.9826771653543307,0.9879265091863518,-0.005249343832020981,-0.019685039370078594,0.013123359580052396
temporal_2,catboost,EQ,fail_coverage,0.6759811616954474,0.6383045525902669,0.03767660910518052,-0.050235478806907374,0.25745682888540034
temporal_2,catboost,EQ,automatic_coverage,0.5003573981415297,0.5308077197998571,-0.03045032165832734,-0.23087919942816298,0.08934953538241613
temporal_2,catboost,EQ,automatic_error_rate,0.3056762859402872,0.32162360637328824,-0.01594732043300106,-0.1028690140417918,0.019277900157463446
temporal_2,catboost,MCP,observed_coverage,0.8430307362401714,0.8287348105789849,0.01429592566118656,-0.026447462473195182,0.10721944245889925
temporal_2,catboost,MCP,pass_coverage,0.9826771653543307,0.9879265091863518,-0.005249343832020981,-0.019685039370078594,0.013123359580052396
temporal_2,catboost,MCP,fail_coverage,0.6759811616954474,0.6383045525902669,0.03767660910518052,-0.050235478806907374,0.25745682888540034
temporal_2,catboost,MCP,automatic_coverage,0.5003573981415297,0.5308077197998571,-0.03045032165832734,-0.23087919942816298,0.08934953538241613
temporal_2,catboost,MCP,automatic_error_rate,0.3056762859402872,0.32162360637328824,-0.01594732043300106,-0.1028690140417918,0.019277900157463446
temporal_2,logistic,EIQ-batch,observed_coverage,0.8178699070764832,0.8237312365975697,-0.005861329521086511,-0.018584703359542543,-0.0007147962830593713
temporal_2,logistic,EIQ-batch,pass_coverage,0.9656167979002624,0.9690288713910761,-0.0034120734908136053,-0.013123359580052396,0.0
temporal_2,logistic,EIQ-batch,fail_coverage,0.6411302982731554,0.6499215070643642,-0.008791208791208783,-0.025117739403453743,-0.0015698587127158659
temporal_2,logistic,EIQ-batch,automatic_coverage,0.5761258041458184,0.5622587562544675,0.013867047891350948,0.0021443888491778917,0.05289492494639031
temporal_2,logistic,EIQ-batch,automatic_error_rate,0.3144317044027793,0.3107948819222128,0.0036368224805665263,-0.000883233916182391,0.009099594249811715
temporal_2,logistic,EQ,observed_coverage,0.8440314510364546,0.8470335954253038,-0.0030021443888491816,-0.010007147962830532,0.0021443888491780028
temporal_2,logistic,EQ,pass_coverage,0.9829396325459318,0.9866141732283463,-0.00367454068241464,-0.013123359580052396,0.0
temporal_2,logistic,EQ,fail_coverage,0.6778649921507064,0.6800627943485086,-0.00219780219780219,-0.006279434850863463,0.004709576138147598
temporal_2,logistic,EQ,automatic_coverage,0.5136526090064332,0.5047891350964975,0.00886347390993566,-0.006433166547534008,0.036454610436025714
temporal_2,logistic,EQ,automatic_error_rate,0.3022113417068471,0.3014752055215395,0.0007361361853075677,-0.0018778714483250192,0.003980764534472714
temporal_2,logistic,MCP,observed_coverage,0.8440314510364546,0.8470335954253038,-0.0030021443888491816,-0.010007147962830532,0.0021443888491780028
temporal_2,logistic,MCP,pass_coverage,0.9829396325459318,0.9866141732283463,-0.00367454068241464,-0.013123359580052396,0.0
temporal_2,logistic,MCP,fail_coverage,0.6778649921507064,0.6800627943485086,-0.00219780219780219,-0.006279434850863463,0.004709576138147598
temporal_2,logistic,MCP,automatic_coverage,0.5133666904932095,0.5047891350964975,0.008577555396711933,-0.006433166547534008,0.036454610436025714
temporal_2,logistic,MCP,automatic_error_rate,0.30238982207400666,0.3014752055215395,0.0009146165524671846,-0.0018778714483250192,0.003980764534472714
