setting,seed,model,class_weight,calibration,bins,ece
course_1,7,catboost,balanced,isotonic,5,0.05992886686758873
course_1,7,catboost,balanced,isotonic,10,0.0634708182800226
course_1,7,catboost,balanced,isotonic,15,0.061712576521780825
course_1,7,catboost,balanced,none,5,0.11047077619078041
course_1,7,catboost,balanced,none,10,0.11465046575512236
course_1,7,catboost,balanced,none,15,0.11692545917739322
course_1,7,catboost,balanced,platt,5,0.039532193423805866
course_1,7,catboost,balanced,platt,10,0.047523812758483004
course_1,7,catboost,balanced,platt,15,0.045998928465382435
course_1,7,catboost,unweighted,isotonic,5,0.06392886473872715
course_1,7,catboost,unweighted,isotonic,10,0.06392886473872718
course_1,7,catboost,unweighted,isotonic,15,0.06392886473872719
course_1,7,catboost,unweighted,none,5,0.09011435848051404
course_1,7,catboost,unweighted,none,10,0.09011435848051401
course_1,7,catboost,unweighted,none,15,0.09011435848051404
course_1,7,catboost,unweighted,platt,5,0.028854000807911725
course_1,7,catboost,unweighted,platt,10,0.029384102001768046
course_1,7,catboost,unweighted,platt,15,0.030342007942568944
course_1,7,logistic,balanced,isotonic,5,0.05907271870673196
course_1,7,logistic,balanced,isotonic,10,0.059104764814217114
course_1,7,logistic,balanced,isotonic,15,0.05951283088500424
course_1,7,logistic,balanced,none,5,0.10105034319640195
course_1,7,logistic,balanced,none,10,0.10264177674218584
course_1,7,logistic,balanced,none,15,0.10535750543193491
course_1,7,logistic,balanced,platt,5,0.02356677443386484
course_1,7,logistic,balanced,platt,10,0.0262399745862184
course_1,7,logistic,balanced,platt,15,0.03634476433328634
course_1,7,logistic,unweighted,isotonic,5,0.060459468232264724
course_1,7,logistic,unweighted,isotonic,10,0.06045946823226471
course_1,7,logistic,unweighted,isotonic,15,0.060570225251946594
course_1,7,logistic,unweighted,none,5,0.05653027904522672
course_1,7,logistic,unweighted,none,10,0.05765678716171468
course_1,7,logistic,unweighted,none,15,0.060062455674286745
course_1,7,logistic,unweighted,platt,5,0.02529577097335088
course_1,7,logistic,unweighted,platt,10,0.02623848683705505
course_1,7,logistic,unweighted,platt,15,0.03762965992741307
course_1,19,catboost,balanced,isotonic,5,0.08396120055215939
course_1,19,catboost,balanced,isotonic,10,0.08519781492629118
course_1,19,catboost,balanced,isotonic,15,0.08499477566775067
course_1,19,catboost,balanced,none,5,0.13108284922641614
course_1,19,catboost,balanced,none,10,0.1310828492264161
course_1,19,catboost,balanced,none,15,0.13110828129301239
course_1,19,catboost,balanced,platt,5,0.03478512584517377
course_1,19,catboost,balanced,platt,10,0.03836302227990303
course_1,19,catboost,balanced,platt,15,0.04603191692984217
course_1,19,catboost,unweighted,isotonic,5,0.0739771295200597
course_1,19,catboost,unweighted,isotonic,10,0.07397712952005965
course_1,19,catboost,unweighted,isotonic,15,0.07397712952005966
course_1,19,catboost,unweighted,none,5,0.10271703668201419
course_1,19,catboost,unweighted,none,10,0.10650109084678415
course_1,19,catboost,unweighted,none,15,0.10723683279350989
course_1,19,catboost,unweighted,platt,5,0.046910757520234256
course_1,19,catboost,unweighted,platt,10,0.04691075752023424
course_1,19,catboost,unweighted,platt,15,0.06384718758126831
course_1,19,logistic,balanced,isotonic,5,0.08067992194809384
course_1,19,logistic,balanced,isotonic,10,0.08262290281106234
course_1,19,logistic,balanced,isotonic,15,0.08457370115888316
course_1,19,logistic,balanced,none,5,0.09513791182727649
course_1,19,logistic,balanced,none,10,0.10660272001809024
course_1,19,logistic,balanced,none,15,0.10495990889972957
course_1,19,logistic,balanced,platt,5,0.03529078875519658
course_1,19,logistic,balanced,platt,10,0.05098250827506412
course_1,19,logistic,balanced,platt,15,0.04510331832636625
course_1,19,logistic,unweighted,isotonic,5,0.07470036636579894
course_1,19,logistic,unweighted,isotonic,10,0.0907651436526343
course_1,19,logistic,unweighted,isotonic,15,0.09076514365263429
course_1,19,logistic,unweighted,none,5,0.049825282698810744
course_1,19,logistic,unweighted,none,10,0.053855876510336964
course_1,19,logistic,unweighted,none,15,0.05555382610647172
course_1,19,logistic,unweighted,platt,5,0.036987847707490126
course_1,19,logistic,unweighted,platt,10,0.04995653306193907
course_1,19,logistic,unweighted,platt,15,0.042206116056687636
course_1,42,catboost,balanced,isotonic,5,0.06753547862617496
course_1,42,catboost,balanced,isotonic,10,0.0702824396810538
course_1,42,catboost,balanced,isotonic,15,0.069802993784851
course_1,42,catboost,balanced,none,5,0.0960526785448126
course_1,42,catboost,balanced,none,10,0.10241951658987744
course_1,42,catboost,balanced,none,15,0.09945444762089187
course_1,42,catboost,balanced,platt,5,0.05149673854099268
course_1,42,catboost,balanced,platt,10,0.05149673854099259
course_1,42,catboost,balanced,platt,15,0.058951509621677695
course_1,42,catboost,unweighted,isotonic,5,0.07505855305707415
course_1,42,catboost,unweighted,isotonic,10,0.08630954077175287
course_1,42,catboost,unweighted,isotonic,15,0.0832640204735596
course_1,42,catboost,unweighted,none,5,0.08319073754658084
course_1,42,catboost,unweighted,none,10,0.08580577777330019
course_1,42,catboost,unweighted,none,15,0.08845460722736444
course_1,42,catboost,unweighted,platt,5,0.055675849047772466
course_1,42,catboost,unweighted,platt,10,0.06579792243089326
course_1,42,catboost,unweighted,platt,15,0.06117760577893812
course_1,42,logistic,balanced,isotonic,5,0.057290438423983174
course_1,42,logistic,balanced,isotonic,10,0.062409861304498576
course_1,42,logistic,balanced,isotonic,15,0.06423747399959387
course_1,42,logistic,balanced,none,5,0.07772448188908138
course_1,42,logistic,balanced,none,10,0.0861861848994064
course_1,42,logistic,balanced,none,15,0.0863024918207857
course_1,42,logistic,balanced,platt,5,0.021852334825636695
course_1,42,logistic,balanced,platt,10,0.030338875224818946
course_1,42,logistic,balanced,platt,15,0.037089692199022126
course_1,42,logistic,unweighted,isotonic,5,0.05714527145000316
course_1,42,logistic,unweighted,isotonic,10,0.0658203153787576
course_1,42,logistic,unweighted,isotonic,15,0.06629851363094369
course_1,42,logistic,unweighted,none,5,0.055078594739074796
course_1,42,logistic,unweighted,none,10,0.05507859473907477
course_1,42,logistic,unweighted,none,15,0.055697909101757266
course_1,42,logistic,unweighted,platt,5,0.02565931109211192
course_1,42,logistic,unweighted,platt,10,0.03401092237726098
course_1,42,logistic,unweighted,platt,15,0.03681295853824923
course_1,73,catboost,balanced,isotonic,5,0.03419273141526402
course_1,73,catboost,balanced,isotonic,10,0.05506574728827993
course_1,73,catboost,balanced,isotonic,15,0.03431753984911727
course_1,73,catboost,balanced,none,5,0.1239056652530415
course_1,73,catboost,balanced,none,10,0.12652652307079917
course_1,73,catboost,balanced,none,15,0.12741544724541792
course_1,73,catboost,balanced,platt,5,0.012549964334708157
course_1,73,catboost,balanced,platt,10,0.017191906004367322
course_1,73,catboost,balanced,platt,15,0.02129060171792694
course_1,73,catboost,unweighted,isotonic,5,0.07192216549557351
course_1,73,catboost,unweighted,isotonic,10,0.0719221654955735
course_1,73,catboost,unweighted,isotonic,15,0.07497044094383064
course_1,73,catboost,unweighted,none,5,0.09376814326852585
course_1,73,catboost,unweighted,none,10,0.09376814326852588
course_1,73,catboost,unweighted,none,15,0.09376814326852587
course_1,73,catboost,unweighted,platt,5,0.015943358059996488
course_1,73,catboost,unweighted,platt,10,0.023998022387938505
course_1,73,catboost,unweighted,platt,15,0.023872193364895305
course_1,73,logistic,balanced,isotonic,5,0.05676480797771981
course_1,73,logistic,balanced,isotonic,10,0.058075674893063325
course_1,73,logistic,balanced,isotonic,15,0.05760480265461924
course_1,73,logistic,balanced,none,5,0.1153191009543568
course_1,73,logistic,balanced,none,10,0.11958214525733576
course_1,73,logistic,balanced,none,15,0.11979681751250974
course_1,73,logistic,balanced,platt,5,0.006886920732444378
course_1,73,logistic,balanced,platt,10,0.02041100843230544
course_1,73,logistic,balanced,platt,15,0.024776312558093233
course_1,73,logistic,unweighted,isotonic,5,0.05321608925150685
course_1,73,logistic,unweighted,isotonic,10,0.05321608925150685
course_1,73,logistic,unweighted,isotonic,15,0.05427510716378655
course_1,73,logistic,unweighted,none,5,0.07815095745679664
course_1,73,logistic,unweighted,none,10,0.07815095745679655
course_1,73,logistic,unweighted,none,15,0.0781509574567966
course_1,73,logistic,unweighted,platt,5,0.007729518576819384
course_1,73,logistic,unweighted,platt,10,0.02308479363327506
course_1,73,logistic,unweighted,platt,15,0.026005684670940134
course_1,101,catboost,balanced,isotonic,5,0.048246136117372725
course_1,101,catboost,balanced,isotonic,10,0.049323116467407224
course_1,101,catboost,balanced,isotonic,15,0.061811106582919245
course_1,101,catboost,balanced,none,5,0.0947176394392304
course_1,101,catboost,balanced,none,10,0.09488490596582531
course_1,101,catboost,balanced,none,15,0.09522844533451352
course_1,101,catboost,balanced,platt,5,0.039963611369403906
course_1,101,catboost,balanced,platt,10,0.04004294899110101
course_1,101,catboost,balanced,platt,15,0.040275930705869586
course_1,101,catboost,unweighted,isotonic,5,0.052526444475724555
course_1,101,catboost,unweighted,isotonic,10,0.06484541522799338
course_1,101,catboost,unweighted,isotonic,15,0.060200806405250974
course_1,101,catboost,unweighted,none,5,0.08381517464962057
course_1,101,catboost,unweighted,none,10,0.0874624158042955
course_1,101,catboost,unweighted,none,15,0.09156333166129817
course_1,101,catboost,unweighted,platt,5,0.039941976172893266
course_1,101,catboost,unweighted,platt,10,0.039941976172893245
course_1,101,catboost,unweighted,platt,15,0.053833492525856015
course_1,101,logistic,balanced,isotonic,5,0.09514687857786225
course_1,101,logistic,balanced,isotonic,10,0.0954317807935143
course_1,101,logistic,balanced,isotonic,15,0.10206824254638619
course_1,101,logistic,balanced,none,5,0.0862280072554799
course_1,101,logistic,balanced,none,10,0.08628426467633842
course_1,101,logistic,balanced,none,15,0.08838258228995495
course_1,101,logistic,balanced,platt,5,0.05971176582928961
course_1,101,logistic,balanced,platt,10,0.06700643464913493
course_1,101,logistic,balanced,platt,15,0.06301237253585132
course_1,101,logistic,unweighted,isotonic,5,0.09088733448682447
course_1,101,logistic,unweighted,isotonic,10,0.0912608601465955
course_1,101,logistic,unweighted,isotonic,15,0.10173410940027935
course_1,101,logistic,unweighted,none,5,0.03401464633853912
course_1,101,logistic,unweighted,none,10,0.036088824775180973
course_1,101,logistic,unweighted,none,15,0.04705427386684128
course_1,101,logistic,unweighted,platt,5,0.06188233955687685
course_1,101,logistic,unweighted,platt,10,0.061882339556876775
course_1,101,logistic,unweighted,platt,15,0.06387502152164147
course_2,7,catboost,balanced,isotonic,5,0.09799085425112297
course_2,7,catboost,balanced,isotonic,10,0.09828746335186009
course_2,7,catboost,balanced,isotonic,15,0.0988305029866002
course_2,7,catboost,balanced,none,5,0.09115397691557042
course_2,7,catboost,balanced,none,10,0.09115397691557048
course_2,7,catboost,balanced,none,15,0.09120855448891721
course_2,7,catboost,balanced,platt,5,0.06604869547299476
course_2,7,catboost,balanced,platt,10,0.06604869547299476
course_2,7,catboost,balanced,platt,15,0.06614774685373867
course_2,7,catboost,unweighted,isotonic,5,0.10673585985244398
course_2,7,catboost,unweighted,isotonic,10,0.10701546706184135
course_2,7,catboost,unweighted,isotonic,15,0.10701546706184135
course_2,7,catboost,unweighted,none,5,0.08716991703842787
course_2,7,catboost,unweighted,none,10,0.08716991703842784
course_2,7,catboost,unweighted,none,15,0.08716991703842784
course_2,7,catboost,unweighted,platt,5,0.05928441848326259
course_2,7,catboost,unweighted,platt,10,0.07009979183096139
course_2,7,catboost,unweighted,platt,15,0.06621972705835806
course_2,7,logistic,balanced,isotonic,5,0.05507172262416409
course_2,7,logistic,balanced,isotonic,10,0.05603953615609434
course_2,7,logistic,balanced,isotonic,15,0.05621438826524619
course_2,7,logistic,balanced,none,5,0.026674167810769287
course_2,7,logistic,balanced,none,10,0.026924131654874065
course_2,7,logistic,balanced,none,15,0.030895438050674285
course_2,7,logistic,balanced,platt,5,0.029025896742411683
course_2,7,logistic,balanced,platt,10,0.0300010079928031
course_2,7,logistic,balanced,platt,15,0.032532860496994616
course_2,7,logistic,unweighted,isotonic,5,0.05518433787750575
course_2,7,logistic,unweighted,isotonic,10,0.05627808205471981
course_2,7,logistic,unweighted,isotonic,15,0.056974025409012946
course_2,7,logistic,unweighted,none,5,0.0336330191949427
course_2,7,logistic,unweighted,none,10,0.03363301919494272
course_2,7,logistic,unweighted,none,15,0.03503464075158351
course_2,7,logistic,unweighted,platt,5,0.029757875609199243
course_2,7,logistic,unweighted,platt,10,0.030737879654139683
course_2,7,logistic,unweighted,platt,15,0.03209468347142328
course_2,19,catboost,balanced,isotonic,5,0.08375041347545759
course_2,19,catboost,balanced,isotonic,10,0.08378230723527696
course_2,19,catboost,balanced,isotonic,15,0.08378230723527698
course_2,19,catboost,balanced,none,5,0.08101606663431421
course_2,19,catboost,balanced,none,10,0.08101606663431422
course_2,19,catboost,balanced,none,15,0.08112421157361951
course_2,19,catboost,balanced,platt,5,0.07186490156576168
course_2,19,catboost,balanced,platt,10,0.07666079692157815
course_2,19,catboost,balanced,platt,15,0.07392372904179571
course_2,19,catboost,unweighted,isotonic,5,0.07945837643437426
course_2,19,catboost,unweighted,isotonic,10,0.08036378886497608
course_2,19,catboost,unweighted,isotonic,15,0.0801767730843024
course_2,19,catboost,unweighted,none,5,0.0692121948815173
course_2,19,catboost,unweighted,none,10,0.0692121948815173
course_2,19,catboost,unweighted,none,15,0.0692121948815173
course_2,19,catboost,unweighted,platt,5,0.075190572790136
course_2,19,catboost,unweighted,platt,10,0.08162966541631124
course_2,19,catboost,unweighted,platt,15,0.08299646116853246
course_2,19,logistic,balanced,isotonic,5,0.023317886045064833
course_2,19,logistic,balanced,isotonic,10,0.027414013786525426
course_2,19,logistic,balanced,isotonic,15,0.028120519869725656
course_2,19,logistic,balanced,none,5,0.04510288684979499
course_2,19,logistic,balanced,none,10,0.045269128141084684
course_2,19,logistic,balanced,none,15,0.04520915801949188
course_2,19,logistic,balanced,platt,5,0.018529674668521637
course_2,19,logistic,balanced,platt,10,0.02051602167252049
course_2,19,logistic,balanced,platt,15,0.02198482219918153
course_2,19,logistic,unweighted,isotonic,5,0.023530379293812808
course_2,19,logistic,unweighted,isotonic,10,0.02734622727035329
course_2,19,logistic,unweighted,isotonic,15,0.027063354689141065
course_2,19,logistic,unweighted,none,5,0.0525761809066198
course_2,19,logistic,unweighted,none,10,0.05274855755446039
course_2,19,logistic,unweighted,none,15,0.05270870093717023
course_2,19,logistic,unweighted,platt,5,0.019299998520802303
course_2,19,logistic,unweighted,platt,10,0.020346297145469212
course_2,19,logistic,unweighted,platt,15,0.02134645248022106
course_2,42,catboost,balanced,isotonic,5,0.10529148595119081
course_2,42,catboost,balanced,isotonic,10,0.10529148595119077
course_2,42,catboost,balanced,isotonic,15,0.10584564624059349
course_2,42,catboost,balanced,none,5,0.09845982495938313
course_2,42,catboost,balanced,none,10,0.09845982495938314
course_2,42,catboost,balanced,none,15,0.09873707023401247
course_2,42,catboost,balanced,platt,5,0.06477634011499597
course_2,42,catboost,balanced,platt,10,0.06766830675722847
course_2,42,catboost,balanced,platt,15,0.07283451461197375
course_2,42,catboost,unweighted,isotonic,5,0.09844134510394965
course_2,42,catboost,unweighted,isotonic,10,0.09875531293493464
course_2,42,catboost,unweighted,isotonic,15,0.09927015246726273
course_2,42,catboost,unweighted,none,5,0.09729786774356933
course_2,42,catboost,unweighted,none,10,0.09757551005911032
course_2,42,catboost,unweighted,none,15,0.09963986187508615
course_2,42,catboost,unweighted,platt,5,0.06541844235839185
course_2,42,catboost,unweighted,platt,10,0.06924672292080226
course_2,42,catboost,unweighted,platt,15,0.07543198809698115
course_2,42,logistic,balanced,isotonic,5,0.0661995574870045
course_2,42,logistic,balanced,isotonic,10,0.06683975622958875
course_2,42,logistic,balanced,isotonic,15,0.0673435908372462
course_2,42,logistic,balanced,none,5,0.015696867855826035
course_2,42,logistic,balanced,none,10,0.022145841461956882
course_2,42,logistic,balanced,none,15,0.022719435247435665
course_2,42,logistic,balanced,platt,5,0.03707757604553347
course_2,42,logistic,balanced,platt,10,0.037077576045533474
course_2,42,logistic,balanced,platt,15,0.03964316829344455
course_2,42,logistic,unweighted,isotonic,5,0.06584780588009073
course_2,42,logistic,unweighted,isotonic,10,0.06610644248586976
course_2,42,logistic,unweighted,isotonic,15,0.06641214488013951
course_2,42,logistic,unweighted,none,5,0.020306414518002348
course_2,42,logistic,unweighted,none,10,0.02304703308123891
course_2,42,logistic,unweighted,none,15,0.028094728260645775
course_2,42,logistic,unweighted,platt,5,0.037219304870892075
course_2,42,logistic,unweighted,platt,10,0.037219304870892055
course_2,42,logistic,unweighted,platt,15,0.038463065229071364
course_2,73,catboost,balanced,isotonic,5,0.07724217497434356
course_2,73,catboost,balanced,isotonic,10,0.08073324455896018
course_2,73,catboost,balanced,isotonic,15,0.07991108387298086
course_2,73,catboost,balanced,none,5,0.07899026366877637
course_2,73,catboost,balanced,none,10,0.07899026366877634
course_2,73,catboost,balanced,none,15,0.08682639356986349
course_2,73,catboost,balanced,platt,5,0.05883418687936752
course_2,73,catboost,balanced,platt,10,0.05890181421666901
course_2,73,catboost,balanced,platt,15,0.06879471270957359
course_2,73,catboost,unweighted,isotonic,5,0.040542140671000454
course_2,73,catboost,unweighted,isotonic,10,0.052910403348504685
course_2,73,catboost,unweighted,isotonic,15,0.05316058315127278
course_2,73,catboost,unweighted,none,5,0.06098399119873159
course_2,73,catboost,unweighted,none,10,0.06956344361218217
course_2,73,catboost,unweighted,none,15,0.07165007229446563
course_2,73,catboost,unweighted,platt,5,0.031128660620567954
course_2,73,catboost,unweighted,platt,10,0.0391587223442414
course_2,73,catboost,unweighted,platt,15,0.03835081081185124
course_2,73,logistic,balanced,isotonic,5,0.10720453988305079
course_2,73,logistic,balanced,isotonic,10,0.1087495980610501
course_2,73,logistic,balanced,isotonic,15,0.10929653830464242
course_2,73,logistic,balanced,none,5,0.03907213768784826
course_2,73,logistic,balanced,none,10,0.039332242187861834
course_2,73,logistic,balanced,none,15,0.046248334938660714
course_2,73,logistic,balanced,platt,5,0.034573944337972534
course_2,73,logistic,balanced,platt,10,0.03483239277512467
course_2,73,logistic,balanced,platt,15,0.03793956640188108
course_2,73,logistic,unweighted,isotonic,5,0.10719783649242771
course_2,73,logistic,unweighted,isotonic,10,0.10912773925573335
course_2,73,logistic,unweighted,isotonic,15,0.10971649499832595
course_2,73,logistic,unweighted,none,5,0.04422827527284435
course_2,73,logistic,unweighted,none,10,0.0443140726837885
course_2,73,logistic,unweighted,none,15,0.05027918697877126
course_2,73,logistic,unweighted,platt,5,0.03399929104416297
course_2,73,logistic,unweighted,platt,10,0.03425565183301213
course_2,73,logistic,unweighted,platt,15,0.03817487431865493
course_2,101,catboost,balanced,isotonic,5,0.030778976041632815
course_2,101,catboost,balanced,isotonic,10,0.032458472115124225
course_2,101,catboost,balanced,isotonic,15,0.037314580405722386
course_2,101,catboost,balanced,none,5,0.052721796413489765
course_2,101,catboost,balanced,none,10,0.05272179641348978
course_2,101,catboost,balanced,none,15,0.053232440089829476
course_2,101,catboost,balanced,platt,5,0.040974319185269704
course_2,101,catboost,balanced,platt,10,0.04097431918526973
course_2,101,catboost,balanced,platt,15,0.04376943133786429
course_2,101,catboost,unweighted,isotonic,5,0.029528696534043473
course_2,101,catboost,unweighted,isotonic,10,0.03174070108992348
course_2,101,catboost,unweighted,isotonic,15,0.032923370239339424
course_2,101,catboost,unweighted,none,5,0.036925702574600074
course_2,101,catboost,unweighted,none,10,0.05484538577406827
course_2,101,catboost,unweighted,none,15,0.05919669382133349
course_2,101,catboost,unweighted,platt,5,0.03623694708742094
course_2,101,catboost,unweighted,platt,10,0.03700969153060627
course_2,101,catboost,unweighted,platt,15,0.04164726039132889
course_2,101,logistic,balanced,isotonic,5,0.06273860884249459
course_2,101,logistic,balanced,isotonic,10,0.07400469031028749
course_2,101,logistic,balanced,isotonic,15,0.0737292565587181
course_2,101,logistic,balanced,none,5,0.026773398613335136
course_2,101,logistic,balanced,none,10,0.029934884416154866
course_2,101,logistic,balanced,none,15,0.02758462504952802
course_2,101,logistic,balanced,platt,5,0.024328382210631917
course_2,101,logistic,balanced,platt,10,0.02936710687209386
course_2,101,logistic,balanced,platt,15,0.026417310382017757
course_2,101,logistic,unweighted,isotonic,5,0.06489257308640786
course_2,101,logistic,unweighted,isotonic,10,0.07465422737049955
course_2,101,logistic,unweighted,isotonic,15,0.07521488118759845
course_2,101,logistic,unweighted,none,5,0.031680121254104805
course_2,101,logistic,unweighted,none,10,0.03168012125410483
course_2,101,logistic,unweighted,none,15,0.035638101685414286
course_2,101,logistic,unweighted,platt,5,0.024873528513394805
course_2,101,logistic,unweighted,platt,10,0.030014226456717707
course_2,101,logistic,unweighted,platt,15,0.027503371590627247
iid,7,catboost,balanced,isotonic,5,0.034061456981837025
iid,7,catboost,balanced,isotonic,10,0.03432634557253276
iid,7,catboost,balanced,isotonic,15,0.04602213785656576
iid,7,catboost,balanced,none,5,0.023791242379170966
iid,7,catboost,balanced,none,10,0.03350293206221001
iid,7,catboost,balanced,none,15,0.045086246773248864
iid,7,catboost,balanced,platt,5,0.0212565418024067
iid,7,catboost,balanced,platt,10,0.023390385731623525
iid,7,catboost,balanced,platt,15,0.03822439216598166
iid,7,catboost,unweighted,isotonic,5,0.04762248364271265
iid,7,catboost,unweighted,isotonic,10,0.05053554711042649
iid,7,catboost,unweighted,isotonic,15,0.05275115654623294
iid,7,catboost,unweighted,none,5,0.010182591794916002
iid,7,catboost,unweighted,none,10,0.027263355856092207
iid,7,catboost,unweighted,none,15,0.045637209984584884
iid,7,catboost,unweighted,platt,5,0.027354657943585534
iid,7,catboost,unweighted,platt,10,0.028715398107908182
iid,7,catboost,unweighted,platt,15,0.03589491451837469
iid,7,logistic,balanced,isotonic,5,0.02879754168930298
iid,7,logistic,balanced,isotonic,10,0.03790144509252121
iid,7,logistic,balanced,isotonic,15,0.037886465587225554
iid,7,logistic,balanced,none,5,0.03839174934234815
iid,7,logistic,balanced,none,10,0.040688584378101196
iid,7,logistic,balanced,none,15,0.05013674628661311
iid,7,logistic,balanced,platt,5,0.011492947749915829
iid,7,logistic,balanced,platt,10,0.016299951817866653
iid,7,logistic,balanced,platt,15,0.03427168064235387
iid,7,logistic,unweighted,isotonic,5,0.021918099311552187
iid,7,logistic,unweighted,isotonic,10,0.030286610653341758
iid,7,logistic,unweighted,isotonic,15,0.03050511644657675
iid,7,logistic,unweighted,none,5,0.018850589081261325
iid,7,logistic,unweighted,none,10,0.021028654764326766
iid,7,logistic,unweighted,none,15,0.033048554084423025
iid,7,logistic,unweighted,platt,5,0.01201913897365817
iid,7,logistic,unweighted,platt,10,0.015367335255732343
iid,7,logistic,unweighted,platt,15,0.029365162660329895
iid,19,catboost,balanced,isotonic,5,0.012789720664728523
iid,19,catboost,balanced,isotonic,10,0.019348469707052496
iid,19,catboost,balanced,isotonic,15,0.01975323176960678
iid,19,catboost,balanced,none,5,0.03543808025450472
iid,19,catboost,balanced,none,10,0.0384201671956976
iid,19,catboost,balanced,none,15,0.059700303977931676
iid,19,catboost,balanced,platt,5,0.015530276888163573
iid,19,catboost,balanced,platt,10,0.03065542848645394
iid,19,catboost,balanced,platt,15,0.035876830550080216
iid,19,catboost,unweighted,isotonic,5,0.007204573524695147
iid,19,catboost,unweighted,isotonic,10,0.017459492303558526
iid,19,catboost,unweighted,isotonic,15,0.018836476165588614
iid,19,catboost,unweighted,none,5,0.021933664063066533
iid,19,catboost,unweighted,none,10,0.027800420165330846
iid,19,catboost,unweighted,none,15,0.03975321477658961
iid,19,catboost,unweighted,platt,5,0.02507947644297485
iid,19,catboost,unweighted,platt,10,0.03198084644161437
iid,19,catboost,unweighted,platt,15,0.03922360475669915
iid,19,logistic,balanced,isotonic,5,0.03135754533653196
iid,19,logistic,balanced,isotonic,10,0.03415870799921253
iid,19,logistic,balanced,isotonic,15,0.03731216889013851
iid,19,logistic,balanced,none,5,0.04291962932454053
iid,19,logistic,balanced,none,10,0.04857604391936792
iid,19,logistic,balanced,none,15,0.06451963937691356
iid,19,logistic,balanced,platt,5,0.025799342011029534
iid,19,logistic,balanced,platt,10,0.040806246837379725
iid,19,logistic,balanced,platt,15,0.043488063830749414
iid,19,logistic,unweighted,isotonic,5,0.03151998452005654
iid,19,logistic,unweighted,isotonic,10,0.03347962212027843
iid,19,logistic,unweighted,isotonic,15,0.03292558681548452
iid,19,logistic,unweighted,none,5,0.0228032905939916
iid,19,logistic,unweighted,none,10,0.029981444257526062
iid,19,logistic,unweighted,none,15,0.03667686920911738
iid,19,logistic,unweighted,platt,5,0.02480356630464828
iid,19,logistic,unweighted,platt,10,0.04087123720580552
iid,19,logistic,unweighted,platt,15,0.04207706512803266
iid,42,catboost,balanced,isotonic,5,0.010202904171932783
iid,42,catboost,balanced,isotonic,10,0.01060433397970304
iid,42,catboost,balanced,isotonic,15,0.013780301394019649
iid,42,catboost,balanced,none,5,0.029258015690340727
iid,42,catboost,balanced,none,10,0.03125855762417279
iid,42,catboost,balanced,none,15,0.04271982759382244
iid,42,catboost,balanced,platt,5,0.02743243512575026
iid,42,catboost,balanced,platt,10,0.030982924361359136
iid,42,catboost,balanced,platt,15,0.04782059927908244
iid,42,catboost,unweighted,isotonic,5,0.019249437488712256
iid,42,catboost,unweighted,isotonic,10,0.036411085612986324
iid,42,catboost,unweighted,isotonic,15,0.036411085612986296
iid,42,catboost,unweighted,none,5,0.0147110969417482
iid,42,catboost,unweighted,none,10,0.034871049117210264
iid,42,catboost,unweighted,none,15,0.030370160167893557
iid,42,catboost,unweighted,platt,5,0.037768175329810826
iid,42,catboost,unweighted,platt,10,0.037768175329810846
iid,42,catboost,unweighted,platt,15,0.04754807147488108
iid,42,logistic,balanced,isotonic,5,0.0410134330609614
iid,42,logistic,balanced,isotonic,10,0.07330119304911226
iid,42,logistic,balanced,isotonic,15,0.041489826590621844
iid,42,logistic,balanced,none,5,0.03996164367133111
iid,42,logistic,balanced,none,10,0.04222158844284325
iid,42,logistic,balanced,none,15,0.04743020845886553
iid,42,logistic,balanced,platt,5,0.007586520469607757
iid,42,logistic,balanced,platt,10,0.023728533676435334
iid,42,logistic,balanced,platt,15,0.04138924756862432
iid,42,logistic,unweighted,isotonic,5,0.031497615226537316
iid,42,logistic,unweighted,isotonic,10,0.07013942960743151
iid,42,logistic,unweighted,isotonic,15,0.044672345873659314
iid,42,logistic,unweighted,none,5,0.02018516582935832
iid,42,logistic,unweighted,none,10,0.029576898015828745
iid,42,logistic,unweighted,none,15,0.03715665404603833
iid,42,logistic,unweighted,platt,5,0.006321666984589468
iid,42,logistic,unweighted,platt,10,0.024861410337353496
iid,42,logistic,unweighted,platt,15,0.040996461449900566
iid,73,catboost,balanced,isotonic,5,0.030546157293013326
iid,73,catboost,balanced,isotonic,10,0.04362385745316541
iid,73,catboost,balanced,isotonic,15,0.04582018204098913
iid,73,catboost,balanced,none,5,0.030826776100375496
iid,73,catboost,balanced,none,10,0.05279538317290378
iid,73,catboost,balanced,none,15,0.053653538902012125
iid,73,catboost,balanced,platt,5,0.021498931389486543
iid,73,catboost,balanced,platt,10,0.02989843336968315
iid,73,catboost,balanced,platt,15,0.04312674725648942
iid,73,catboost,unweighted,isotonic,5,0.03740841613566129
iid,73,catboost,unweighted,isotonic,10,0.04452503814252584
iid,73,catboost,unweighted,isotonic,15,0.05334838466075742
iid,73,catboost,unweighted,none,5,0.018063189362804807
iid,73,catboost,unweighted,none,10,0.029605069530968895
iid,73,catboost,unweighted,none,15,0.04037035811460684
iid,73,catboost,unweighted,platt,5,0.030327681206811372
iid,73,catboost,unweighted,platt,10,0.03558940266911525
iid,73,catboost,unweighted,platt,15,0.050859567445273715
iid,73,logistic,balanced,isotonic,5,0.015714856678871188
iid,73,logistic,balanced,isotonic,10,0.023820893270445894
iid,73,logistic,balanced,isotonic,15,0.0263901303908743
iid,73,logistic,balanced,none,5,0.04214585124578324
iid,73,logistic,balanced,none,10,0.04214585124578323
iid,73,logistic,balanced,none,15,0.052656873060997686
iid,73,logistic,balanced,platt,5,0.022708501627305522
iid,73,logistic,balanced,platt,10,0.026041449227222617
iid,73,logistic,balanced,platt,15,0.030018891208379004
iid,73,logistic,unweighted,isotonic,5,0.02334241772188555
iid,73,logistic,unweighted,isotonic,10,0.027876926383980757
iid,73,logistic,unweighted,isotonic,15,0.030545393368546912
iid,73,logistic,unweighted,none,5,0.027786034665895524
iid,73,logistic,unweighted,none,10,0.031247283247266784
iid,73,logistic,unweighted,none,15,0.03967887817259786
iid,73,logistic,unweighted,platt,5,0.02639421026283168
iid,73,logistic,unweighted,platt,10,0.02821474469936407
iid,73,logistic,unweighted,platt,15,0.033072251187081694
iid,101,catboost,balanced,isotonic,5,0.010486450152555648
iid,101,catboost,balanced,isotonic,10,0.0181042335321756
iid,101,catboost,balanced,isotonic,15,0.01810423353217566
iid,101,catboost,balanced,none,5,0.02673924081117083
iid,101,catboost,balanced,none,10,0.03272606801116044
iid,101,catboost,balanced,none,15,0.04095658447508675
iid,101,catboost,balanced,platt,5,0.02405376972984512
iid,101,catboost,balanced,platt,10,0.028998868010104456
iid,101,catboost,balanced,platt,15,0.045818407375047734
iid,101,catboost,unweighted,isotonic,5,0.0076049818085327505
iid,101,catboost,unweighted,isotonic,10,0.012777729516370451
iid,101,catboost,unweighted,isotonic,15,0.029053360504023937
iid,101,catboost,unweighted,none,5,0.026217401498219804
iid,101,catboost,unweighted,none,10,0.02633781631546639
iid,101,catboost,unweighted,none,15,0.0321634339524655
iid,101,catboost,unweighted,platt,5,0.023113358428580564
iid,101,catboost,unweighted,platt,10,0.024028109175771754
iid,101,catboost,unweighted,platt,15,0.03585365633370707
iid,101,logistic,balanced,isotonic,5,0.06281461737980516
iid,101,logistic,balanced,isotonic,10,0.06456695382840329
iid,101,logistic,balanced,isotonic,15,0.06456695382840329
iid,101,logistic,balanced,none,5,0.04102105715255203
iid,101,logistic,balanced,none,10,0.04113997805410479
iid,101,logistic,balanced,none,15,0.04283208606302807
iid,101,logistic,balanced,platt,5,0.05943447485896415
iid,101,logistic,balanced,platt,10,0.05943447485896412
iid,101,logistic,balanced,platt,15,0.059434474858964116
iid,101,logistic,unweighted,isotonic,5,0.06317891975639867
iid,101,logistic,unweighted,isotonic,10,0.0631789197563987
iid,101,logistic,unweighted,isotonic,15,0.06317891975639864
iid,101,logistic,unweighted,none,5,0.03375972774264622
iid,101,logistic,unweighted,none,10,0.03569139424759612
iid,101,logistic,unweighted,none,15,0.04048654014565229
iid,101,logistic,unweighted,platt,5,0.06232524501131531
iid,101,logistic,unweighted,platt,10,0.062325245011315304
iid,101,logistic,unweighted,platt,15,0.06232524501131532
temporal_1,7,catboost,balanced,isotonic,5,0.07709170519356881
temporal_1,7,catboost,balanced,isotonic,10,0.07935097670580064
temporal_1,7,catboost,balanced,isotonic,15,0.08004826806140547
temporal_1,7,catboost,balanced,none,5,0.09642278198339173
temporal_1,7,catboost,balanced,none,10,0.09642278198339174
temporal_1,7,catboost,balanced,none,15,0.10611527001760235
temporal_1,7,catboost,balanced,platt,5,0.07325578580040622
temporal_1,7,catboost,balanced,platt,10,0.07397447732079057
temporal_1,7,catboost,balanced,platt,15,0.07356378447974778
temporal_1,7,catboost,unweighted,isotonic,5,0.06539073042311064
temporal_1,7,catboost,unweighted,isotonic,10,0.06580470298393486
temporal_1,7,catboost,unweighted,isotonic,15,0.06580478970712292
temporal_1,7,catboost,unweighted,none,5,0.11028092536415482
temporal_1,7,catboost,unweighted,none,10,0.11028092536415486
temporal_1,7,catboost,unweighted,none,15,0.11063189404169825
temporal_1,7,catboost,unweighted,platt,5,0.0661708786202356
temporal_1,7,catboost,unweighted,platt,10,0.06660663996030199
temporal_1,7,catboost,unweighted,platt,15,0.06964738723987134
temporal_1,7,logistic,balanced,isotonic,5,0.030616951942238974
temporal_1,7,logistic,balanced,isotonic,10,0.04283902848557412
temporal_1,7,logistic,balanced,isotonic,15,0.05871114289719764
temporal_1,7,logistic,balanced,none,5,0.06012128568317465
temporal_1,7,logistic,balanced,none,10,0.060284266764423625
temporal_1,7,logistic,balanced,none,15,0.07900760324742293
temporal_1,7,logistic,balanced,platt,5,0.030640224062656388
temporal_1,7,logistic,balanced,platt,10,0.047239970656362706
temporal_1,7,logistic,balanced,platt,15,0.04147002140801172
temporal_1,7,logistic,unweighted,isotonic,5,0.03158813618943507
temporal_1,7,logistic,unweighted,isotonic,10,0.042154195837800446
temporal_1,7,logistic,unweighted,isotonic,15,0.059698544648665766
temporal_1,7,logistic,unweighted,none,5,0.059298127738203914
temporal_1,7,logistic,unweighted,none,10,0.05945476932374149
temporal_1,7,logistic,unweighted,none,15,0.07519311405895794
temporal_1,7,logistic,unweighted,platt,5,0.030524399615292554
temporal_1,7,logistic,unweighted,platt,10,0.04641779232340105
temporal_1,7,logistic,unweighted,platt,15,0.04271737434681066
temporal_1,19,catboost,balanced,isotonic,5,0.06127455283634084
temporal_1,19,catboost,balanced,isotonic,10,0.06127455283634087
temporal_1,19,catboost,balanced,isotonic,15,0.06129040373992269
temporal_1,19,catboost,balanced,none,5,0.08187759382750343
temporal_1,19,catboost,balanced,none,10,0.08723296088618795
temporal_1,19,catboost,balanced,none,15,0.09446444106401412
temporal_1,19,catboost,balanced,platt,5,0.06621815345693087
temporal_1,19,catboost,balanced,platt,10,0.06621815345693087
temporal_1,19,catboost,balanced,platt,15,0.06621815345693086
temporal_1,19,catboost,unweighted,isotonic,5,0.05838232207947544
temporal_1,19,catboost,unweighted,isotonic,10,0.05873342591872899
temporal_1,19,catboost,unweighted,isotonic,15,0.05873342591872899
temporal_1,19,catboost,unweighted,none,5,0.08348045253259538
temporal_1,19,catboost,unweighted,none,10,0.0845613245599317
temporal_1,19,catboost,unweighted,none,15,0.092320155603721
temporal_1,19,catboost,unweighted,platt,5,0.06241152533642702
temporal_1,19,catboost,unweighted,platt,10,0.06241152533642706
temporal_1,19,catboost,unweighted,platt,15,0.06276245325368214
temporal_1,19,logistic,balanced,isotonic,5,0.0688475757176567
temporal_1,19,logistic,balanced,isotonic,10,0.06884757571765669
temporal_1,19,logistic,balanced,isotonic,15,0.07080646956627687
temporal_1,19,logistic,balanced,none,5,0.02887824293894359
temporal_1,19,logistic,balanced,none,10,0.03364164720883094
temporal_1,19,logistic,balanced,none,15,0.03149199818813079
temporal_1,19,logistic,balanced,platt,5,0.028521857316478584
temporal_1,19,logistic,balanced,platt,10,0.03512842437280816
temporal_1,19,logistic,balanced,platt,15,0.03552848160478689
temporal_1,19,logistic,unweighted,isotonic,5,0.07119195671568392
temporal_1,19,logistic,unweighted,isotonic,10,0.07253062089481763
temporal_1,19,logistic,unweighted,isotonic,15,0.07519394038365967
temporal_1,19,logistic,unweighted,none,5,0.030862931344494395
temporal_1,19,logistic,unweighted,none,10,0.03323979033771134
temporal_1,19,logistic,unweighted,none,15,0.03412010239223079
temporal_1,19,logistic,unweighted,platt,5,0.028670238661185118
temporal_1,19,logistic,unweighted,platt,10,0.03739720376559577
temporal_1,19,logistic,unweighted,platt,15,0.036121298168004565
temporal_1,42,catboost,balanced,isotonic,5,0.0669474742813182
temporal_1,42,catboost,balanced,isotonic,10,0.06694747428131814
temporal_1,42,catboost,balanced,isotonic,15,0.06909151768488932
temporal_1,42,catboost,balanced,none,5,0.08718793244135911
temporal_1,42,catboost,balanced,none,10,0.08755388490104798
temporal_1,42,catboost,balanced,none,15,0.08725301675130917
temporal_1,42,catboost,balanced,platt,5,0.07065075257842589
temporal_1,42,catboost,balanced,platt,10,0.07065075257842585
temporal_1,42,catboost,balanced,platt,15,0.07334593333952123
temporal_1,42,catboost,unweighted,isotonic,5,0.07897970311816427
temporal_1,42,catboost,unweighted,isotonic,10,0.07897970311816431
temporal_1,42,catboost,unweighted,isotonic,15,0.0789797031181643
temporal_1,42,catboost,unweighted,none,5,0.09267794834455145
temporal_1,42,catboost,unweighted,none,10,0.09704271932854355
temporal_1,42,catboost,unweighted,none,15,0.09893580085986922
temporal_1,42,catboost,unweighted,platt,5,0.07779912326925695
temporal_1,42,catboost,unweighted,platt,10,0.07779912326925702
temporal_1,42,catboost,unweighted,platt,15,0.07871206996734462
temporal_1,42,logistic,balanced,isotonic,5,0.0886887237607757
temporal_1,42,logistic,balanced,isotonic,10,0.08956886286909137
temporal_1,42,logistic,balanced,isotonic,15,0.09115127104561255
temporal_1,42,logistic,balanced,none,5,0.04227681080312992
temporal_1,42,logistic,balanced,none,10,0.054137179927819565
temporal_1,42,logistic,balanced,none,15,0.05842712348849374
temporal_1,42,logistic,balanced,platt,5,0.026173165374309183
temporal_1,42,logistic,balanced,platt,10,0.03310435310047701
temporal_1,42,logistic,balanced,platt,15,0.02796399222459199
temporal_1,42,logistic,unweighted,isotonic,5,0.08812045118626266
temporal_1,42,logistic,unweighted,isotonic,10,0.09001002470554192
temporal_1,42,logistic,unweighted,isotonic,15,0.09121661457732971
temporal_1,42,logistic,unweighted,none,5,0.04382049247418808
temporal_1,42,logistic,unweighted,none,10,0.056225546246513707
temporal_1,42,logistic,unweighted,none,15,0.052840544815822656
temporal_1,42,logistic,unweighted,platt,5,0.02614504250282198
temporal_1,42,logistic,unweighted,platt,10,0.03367598928597301
temporal_1,42,logistic,unweighted,platt,15,0.028317218410742986
temporal_1,73,catboost,balanced,isotonic,5,0.051603100244836844
temporal_1,73,catboost,balanced,isotonic,10,0.053118227823259145
temporal_1,73,catboost,balanced,isotonic,15,0.06281703308814865
temporal_1,73,catboost,balanced,none,5,0.08107713220991124
temporal_1,73,catboost,balanced,none,10,0.08765341296566916
temporal_1,73,catboost,balanced,none,15,0.09516992039123083
temporal_1,73,catboost,balanced,platt,5,0.06231362805433622
temporal_1,73,catboost,balanced,platt,10,0.06571238136545085
temporal_1,73,catboost,balanced,platt,15,0.06894229155364215
temporal_1,73,catboost,unweighted,isotonic,5,0.05773765677649906
temporal_1,73,catboost,unweighted,isotonic,10,0.057737656776499
temporal_1,73,catboost,unweighted,isotonic,15,0.058531071295963355
temporal_1,73,catboost,unweighted,none,5,0.09343594351679611
temporal_1,73,catboost,unweighted,none,10,0.09377069092753465
temporal_1,73,catboost,unweighted,none,15,0.093657524870187
temporal_1,73,catboost,unweighted,platt,5,0.058367871952448
temporal_1,73,catboost,unweighted,platt,10,0.058367871952447956
temporal_1,73,catboost,unweighted,platt,15,0.0590405730885955
temporal_1,73,logistic,balanced,isotonic,5,0.05050507572626732
temporal_1,73,logistic,balanced,isotonic,10,0.05948606085973088
temporal_1,73,logistic,balanced,isotonic,15,0.06537144865631574
temporal_1,73,logistic,balanced,none,5,0.04363451759659571
temporal_1,73,logistic,balanced,none,10,0.0436345175965957
temporal_1,73,logistic,balanced,none,15,0.04590894535482333
temporal_1,73,logistic,balanced,platt,5,0.022732485218227093
temporal_1,73,logistic,balanced,platt,10,0.02566931648835223
temporal_1,73,logistic,balanced,platt,15,0.03153287545730576
temporal_1,73,logistic,unweighted,isotonic,5,0.05045087472198208
temporal_1,73,logistic,unweighted,isotonic,10,0.06092090212050286
temporal_1,73,logistic,unweighted,isotonic,15,0.06526371314986859
temporal_1,73,logistic,unweighted,none,5,0.045405063749169715
temporal_1,73,logistic,unweighted,none,10,0.045405063749169694
temporal_1,73,logistic,unweighted,none,15,0.04847508411431277
temporal_1,73,logistic,unweighted,platt,5,0.02269421688417369
temporal_1,73,logistic,unweighted,platt,10,0.025592911189710237
temporal_1,73,logistic,unweighted,platt,15,0.03218690601776735
temporal_1,101,catboost,balanced,isotonic,5,0.0966763622764633
temporal_1,101,catboost,balanced,isotonic,10,0.10208876786939099
temporal_1,101,catboost,balanced,isotonic,15,0.10229313662417487
temporal_1,101,catboost,balanced,none,5,0.10651420068487466
temporal_1,101,catboost,balanced,none,10,0.10651420068487469
temporal_1,101,catboost,balanced,none,15,0.1082787084066643
temporal_1,101,catboost,balanced,platt,5,0.09076347742353243
temporal_1,101,catboost,balanced,platt,10,0.09095909386064975
temporal_1,101,catboost,balanced,platt,15,0.09106023424193961
temporal_1,101,catboost,unweighted,isotonic,5,0.09130600771020385
temporal_1,101,catboost,unweighted,isotonic,10,0.09283199768726445
temporal_1,101,catboost,unweighted,isotonic,15,0.09287985832730888
temporal_1,101,catboost,unweighted,none,5,0.09536184440923144
temporal_1,101,catboost,unweighted,none,10,0.09536184440923146
temporal_1,101,catboost,unweighted,none,15,0.09860087142561887
temporal_1,101,catboost,unweighted,platt,5,0.08792387849522068
temporal_1,101,catboost,unweighted,platt,10,0.08792387849522065
temporal_1,101,catboost,unweighted,platt,15,0.09253751245818123
temporal_1,101,logistic,balanced,isotonic,5,0.09617309424291992
temporal_1,101,logistic,balanced,isotonic,10,0.09645750855282013
temporal_1,101,logistic,balanced,isotonic,15,0.09775676746839798
temporal_1,101,logistic,balanced,none,5,0.03370875857173616
temporal_1,101,logistic,balanced,none,10,0.03446187388529408
temporal_1,101,logistic,balanced,none,15,0.04627323365806169
temporal_1,101,logistic,balanced,platt,5,0.03201003726905558
temporal_1,101,logistic,balanced,platt,10,0.033157722264957105
temporal_1,101,logistic,balanced,platt,15,0.03829676181444739
temporal_1,101,logistic,unweighted,isotonic,5,0.09562561231351656
temporal_1,101,logistic,unweighted,isotonic,10,0.09562561231351657
temporal_1,101,logistic,unweighted,isotonic,15,0.09573670538228501
temporal_1,101,logistic,unweighted,none,5,0.034744275287051346
temporal_1,101,logistic,unweighted,none,10,0.037775138739846253
temporal_1,101,logistic,unweighted,none,15,0.04575810138122806
temporal_1,101,logistic,unweighted,platt,5,0.03191255765602719
temporal_1,101,logistic,unweighted,platt,10,0.03307098132854549
temporal_1,101,logistic,unweighted,platt,15,0.03962208795337666
temporal_2,7,catboost,balanced,isotonic,5,0.14953528019638376
temporal_2,7,catboost,balanced,isotonic,10,0.14953528019638376
temporal_2,7,catboost,balanced,isotonic,15,0.14953528019638368
temporal_2,7,catboost,balanced,none,5,0.18188949173661614
temporal_2,7,catboost,balanced,none,10,0.18188949173661614
temporal_2,7,catboost,balanced,none,15,0.1823368219915666
temporal_2,7,catboost,balanced,platt,5,0.14488948876793767
temporal_2,7,catboost,balanced,platt,10,0.14488948876793767
temporal_2,7,catboost,balanced,platt,15,0.14488948876793764
temporal_2,7,catboost,unweighted,isotonic,5,0.18464093697247777
temporal_2,7,catboost,unweighted,isotonic,10,0.18499407688355554
temporal_2,7,catboost,unweighted,isotonic,15,0.18658875271432823
temporal_2,7,catboost,unweighted,none,5,0.2094541430013548
temporal_2,7,catboost,unweighted,none,10,0.20945414300135481
temporal_2,7,catboost,unweighted,none,15,0.20996457066910948
temporal_2,7,catboost,unweighted,platt,5,0.16561876892914248
temporal_2,7,catboost,unweighted,platt,10,0.1656187689291425
temporal_2,7,catboost,unweighted,platt,15,0.16579733648148076
temporal_2,7,logistic,balanced,isotonic,5,0.18171059045742266
temporal_2,7,logistic,balanced,isotonic,10,0.18171059045742263
temporal_2,7,logistic,balanced,isotonic,15,0.18171059045742263
temporal_2,7,logistic,balanced,none,5,0.14696093902929336
temporal_2,7,logistic,balanced,none,10,0.14696093902929336
temporal_2,7,logistic,balanced,none,15,0.1469609390292933
temporal_2,7,logistic,balanced,platt,5,0.15539242103555542
temporal_2,7,logistic,balanced,platt,10,0.15539242103555542
temporal_2,7,logistic,balanced,platt,15,0.15652958903678751
temporal_2,7,logistic,unweighted,isotonic,5,0.17936433971619903
temporal_2,7,logistic,unweighted,isotonic,10,0.17936433971619906
temporal_2,7,logistic,unweighted,isotonic,15,0.17936433971619903
temporal_2,7,logistic,unweighted,none,5,0.17061955697929315
temporal_2,7,logistic,unweighted,none,10,0.17089070071167684
temporal_2,7,logistic,unweighted,none,15,0.17119521746809369
temporal_2,7,logistic,unweighted,platt,5,0.1536937016210472
temporal_2,7,logistic,unweighted,platt,10,0.1552739430305523
temporal_2,7,logistic,unweighted,platt,15,0.15418291808471757
temporal_2,19,catboost,balanced,isotonic,5,0.15308070299820475
temporal_2,19,catboost,balanced,isotonic,10,0.15412529596476732
temporal_2,19,catboost,balanced,isotonic,15,0.15477446018090105
temporal_2,19,catboost,balanced,none,5,0.1636551963245094
temporal_2,19,catboost,balanced,none,10,0.16368365547670083
temporal_2,19,catboost,balanced,none,15,0.1654723857448867
temporal_2,19,catboost,balanced,platt,5,0.14396109531369172
temporal_2,19,catboost,balanced,platt,10,0.14396109531369172
temporal_2,19,catboost,balanced,platt,15,0.14396109531369175
temporal_2,19,catboost,unweighted,isotonic,5,0.11323064850363768
temporal_2,19,catboost,unweighted,isotonic,10,0.11479858873744525
temporal_2,19,catboost,unweighted,isotonic,15,0.11501430531567677
temporal_2,19,catboost,unweighted,none,5,0.1625948956928337
temporal_2,19,catboost,unweighted,none,10,0.1628274036453947
temporal_2,19,catboost,unweighted,none,15,0.16784399442187392
temporal_2,19,catboost,unweighted,platt,5,0.13378633600042888
temporal_2,19,catboost,unweighted,platt,10,0.13378633600042888
temporal_2,19,catboost,unweighted,platt,15,0.13396487228590367
temporal_2,19,logistic,balanced,isotonic,5,0.13239027348564755
temporal_2,19,logistic,balanced,isotonic,10,0.13239027348564744
temporal_2,19,logistic,balanced,isotonic,15,0.13369969293474704
temporal_2,19,logistic,balanced,none,5,0.10794724802426625
temporal_2,19,logistic,balanced,none,10,0.10983759080233708
temporal_2,19,logistic,balanced,none,15,0.11782057038731722
temporal_2,19,logistic,balanced,platt,5,0.12206296845102127
temporal_2,19,logistic,balanced,platt,10,0.12206296845102123
temporal_2,19,logistic,balanced,platt,15,0.12241782481691237
temporal_2,19,logistic,unweighted,isotonic,5,0.12343975035951117
temporal_2,19,logistic,unweighted,isotonic,10,0.12343975035951114
temporal_2,19,logistic,unweighted,isotonic,15,0.12439447104738381
temporal_2,19,logistic,unweighted,none,5,0.12888381470026428
temporal_2,19,logistic,unweighted,none,10,0.12888381470026428
temporal_2,19,logistic,unweighted,none,15,0.12888381470026425
temporal_2,19,logistic,unweighted,platt,5,0.11482130359474402
temporal_2,19,logistic,unweighted,platt,10,0.11482130359474398
temporal_2,19,logistic,unweighted,platt,15,0.11482130359474393
temporal_2,42,catboost,balanced,isotonic,5,0.10791192054772827
temporal_2,42,catboost,balanced,isotonic,10,0.10791192054772829
temporal_2,42,catboost,balanced,isotonic,15,0.117078327840934
temporal_2,42,catboost,balanced,none,5,0.16039784951688432
temporal_2,42,catboost,balanced,none,10,0.161468231020263
temporal_2,42,catboost,balanced,none,15,0.16354708738039048
temporal_2,42,catboost,balanced,platt,5,0.09113624837897454
temporal_2,42,catboost,balanced,platt,10,0.09136025533446257
temporal_2,42,catboost,balanced,platt,15,0.09202382634779065
temporal_2,42,catboost,unweighted,isotonic,5,0.13114525057419388
temporal_2,42,catboost,unweighted,isotonic,10,0.13457076032249968
temporal_2,42,catboost,unweighted,isotonic,15,0.13543663786491458
temporal_2,42,catboost,unweighted,none,5,0.17324373723194633
temporal_2,42,catboost,unweighted,none,10,0.1766074941649801
temporal_2,42,catboost,unweighted,none,15,0.17622680133971597
temporal_2,42,catboost,unweighted,platt,5,0.08033451492987004
temporal_2,42,catboost,unweighted,platt,10,0.08134843725277999
temporal_2,42,catboost,unweighted,platt,15,0.08481302286450931
temporal_2,42,logistic,balanced,isotonic,5,0.14370829904966795
temporal_2,42,logistic,balanced,isotonic,10,0.14370829904966786
temporal_2,42,logistic,balanced,isotonic,15,0.1437082990496679
temporal_2,42,logistic,balanced,none,5,0.1070009365918527
temporal_2,42,logistic,balanced,none,10,0.10881639944276048
temporal_2,42,logistic,balanced,none,15,0.1085481975456608
temporal_2,42,logistic,balanced,platt,5,0.0814750625902948
temporal_2,42,logistic,balanced,platt,10,0.08147506259029479
temporal_2,42,logistic,balanced,platt,15,0.08245289583899779
temporal_2,42,logistic,unweighted,isotonic,5,0.14304976453531282
temporal_2,42,logistic,unweighted,isotonic,10,0.14304976453531293
temporal_2,42,logistic,unweighted,isotonic,15,0.14304976453531293
temporal_2,42,logistic,unweighted,none,5,0.13517177280754378
temporal_2,42,logistic,unweighted,none,10,0.13546443140488398
temporal_2,42,logistic,unweighted,none,15,0.13564263207360983
temporal_2,42,logistic,unweighted,platt,5,0.08133292267305889
temporal_2,42,logistic,unweighted,platt,10,0.08133292267305887
temporal_2,42,logistic,unweighted,platt,15,0.08250431676052757
temporal_2,73,catboost,balanced,isotonic,5,0.1562189423183865
temporal_2,73,catboost,balanced,isotonic,10,0.15621894231838657
temporal_2,73,catboost,balanced,isotonic,15,0.15752681974591215
temporal_2,73,catboost,balanced,none,5,0.15956351793140344
temporal_2,73,catboost,balanced,none,10,0.16403640268420855
temporal_2,73,catboost,balanced,none,15,0.15988161831102946
temporal_2,73,catboost,balanced,platt,5,0.11121529454781084
temporal_2,73,catboost,balanced,platt,10,0.11133045602633991
temporal_2,73,catboost,balanced,platt,15,0.1133309518125462
temporal_2,73,catboost,unweighted,isotonic,5,0.15927099967475203
temporal_2,73,catboost,unweighted,isotonic,10,0.16055314611324503
temporal_2,73,catboost,unweighted,isotonic,15,0.16166521257534333
temporal_2,73,catboost,unweighted,none,5,0.17622422903057786
temporal_2,73,catboost,unweighted,none,10,0.17622422903057788
temporal_2,73,catboost,unweighted,none,15,0.1810143624730634
temporal_2,73,catboost,unweighted,platt,5,0.11540586410031206
temporal_2,73,catboost,unweighted,platt,10,0.11606260964924967
temporal_2,73,catboost,unweighted,platt,15,0.11612872230320039
temporal_2,73,logistic,balanced,isotonic,5,0.1277296920536769
temporal_2,73,logistic,balanced,isotonic,10,0.13815305692066343
temporal_2,73,logistic,balanced,isotonic,15,0.12826991058164053
temporal_2,73,logistic,balanced,none,5,0.13323165932155323
temporal_2,73,logistic,balanced,none,10,0.13753395767530638
temporal_2,73,logistic,balanced,none,15,0.14589517568956922
temporal_2,73,logistic,balanced,platt,5,0.0728264865201495
temporal_2,73,logistic,balanced,platt,10,0.0738653441530115
temporal_2,73,logistic,balanced,platt,15,0.08433583443823314
temporal_2,73,logistic,unweighted,isotonic,5,0.12577180868057095
temporal_2,73,logistic,unweighted,isotonic,10,0.13143004681590148
temporal_2,73,logistic,unweighted,isotonic,15,0.1261067712649737
temporal_2,73,logistic,unweighted,none,5,0.15727661429788026
temporal_2,73,logistic,unweighted,none,10,0.16575173237505259
temporal_2,73,logistic,unweighted,none,15,0.16551513968965154
temporal_2,73,logistic,unweighted,platt,5,0.07094019255112932
temporal_2,73,logistic,unweighted,platt,10,0.07186825707858531
temporal_2,73,logistic,unweighted,platt,15,0.08496030202626179
temporal_2,101,catboost,balanced,isotonic,5,0.16388345182553235
temporal_2,101,catboost,balanced,isotonic,10,0.16502512098343394
temporal_2,101,catboost,balanced,isotonic,15,0.1669141078484785
temporal_2,101,catboost,balanced,none,5,0.15992923278749388
temporal_2,101,catboost,balanced,none,10,0.16056949706590978
temporal_2,101,catboost,balanced,none,15,0.16172674981998916
temporal_2,101,catboost,balanced,platt,5,0.1157729949677805
temporal_2,101,catboost,balanced,platt,10,0.11577299496778047
temporal_2,101,catboost,balanced,platt,15,0.11775229291634638
temporal_2,101,catboost,unweighted,isotonic,5,0.18280270956423555
temporal_2,101,catboost,unweighted,isotonic,10,0.18280270956423555
temporal_2,101,catboost,unweighted,isotonic,15,0.18280270956423558
temporal_2,101,catboost,unweighted,none,5,0.1789851419058767
temporal_2,101,catboost,unweighted,none,10,0.17898514190587672
temporal_2,101,catboost,unweighted,none,15,0.1789851419058767
temporal_2,101,catboost,unweighted,platt,5,0.12067918366642916
temporal_2,101,catboost,unweighted,platt,10,0.12067918366642916
temporal_2,101,catboost,unweighted,platt,15,0.12067918366642916
temporal_2,101,logistic,balanced,isotonic,5,0.19448579381931638
temporal_2,101,logistic,balanced,isotonic,10,0.20591420606874827
temporal_2,101,logistic,balanced,isotonic,15,0.20926936991242887
temporal_2,101,logistic,balanced,none,5,0.145161528327608
temporal_2,101,logistic,balanced,none,10,0.1586235851721813
temporal_2,101,logistic,balanced,none,15,0.15997611599360095
temporal_2,101,logistic,balanced,platt,5,0.16946478622035707
temporal_2,101,logistic,balanced,platt,10,0.17312046224793384
temporal_2,101,logistic,balanced,platt,15,0.17590175740112873
temporal_2,101,logistic,unweighted,isotonic,5,0.1939098876057733
temporal_2,101,logistic,unweighted,isotonic,10,0.2055675643189405
temporal_2,101,logistic,unweighted,isotonic,15,0.20736778068659345
temporal_2,101,logistic,unweighted,none,5,0.16969430758510262
temporal_2,101,logistic,unweighted,none,10,0.17041055124355586
temporal_2,101,logistic,unweighted,none,15,0.1754304369423026
temporal_2,101,logistic,unweighted,platt,5,0.1690126225733188
temporal_2,101,logistic,unweighted,platt,10,0.17223241022683633
temporal_2,101,logistic,unweighted,platt,15,0.1742851021572224
