setting,model,method,observed_coverage_mean,observed_coverage_min,observed_coverage_max,observed_coverage_std,pass_coverage_mean,pass_coverage_min,pass_coverage_max,pass_coverage_std,fail_coverage_mean,fail_coverage_min,fail_coverage_max,fail_coverage_std,automatic_coverage_mean,automatic_coverage_min,automatic_coverage_max,automatic_coverage_std,automatic_error_rate_mean,automatic_error_rate_min,automatic_error_rate_max,automatic_error_rate_std
course_1,catboost,EIQ-batch,0.9391428571428572,0.8928571428571429,0.96,0.026992902401285917,0.9071294559099436,0.7926829268292683,0.9840525328330206,0.07257599738267921,0.9721470019342361,0.9274661508704062,0.9961315280464216,0.026848630667489375,0.16761904761904758,0.1123809523809523,0.2738095238095238,0.06355046916836472,0.35802867877338473,0.3454545454545454,0.391304347826087,0.01902427853704703
course_1,catboost,EQ,0.9304761904761903,0.8757142857142857,0.9828571428571428,0.04510883789498266,0.8795497185741088,0.775797373358349,0.9840525328330206,0.0928316859218405,0.9829787234042554,0.970019342359768,0.9961315280464216,0.009876921804012903,0.18352380952380948,0.0485714285714285,0.3142857142857143,0.11039385273233489,0.3691829518033515,0.3502824858757062,0.3954545454545454,0.022226999385480565
course_1,catboost,MCP,0.9304761904761903,0.8757142857142857,0.9828571428571428,0.04510883789498266,0.8795497185741088,0.775797373358349,0.9840525328330206,0.0928316859218405,0.9829787234042554,0.970019342359768,0.9961315280464216,0.009876921804012903,0.18352380952380948,0.0485714285714285,0.3142857142857143,0.11039385273233489,0.3691829518033515,0.3502824858757062,0.3954545454545454,0.022226999385480565
course_1,logistic,EIQ-batch,0.9243809523809524,0.9052380952380952,0.9438095238095238,0.015791297583323555,0.9482176360225141,0.8592870544090057,1.0,0.06054255223801063,0.8998065764023211,0.8423597678916828,0.988394584139265,0.05557605600472267,0.23199999999999993,0.17,0.2933333333333333,0.055866093546651924,0.3281293332703278,0.3042016806722689,0.345360824742268,0.015722753601537926
course_1,logistic,EQ,0.8963809523809523,0.8638095238095238,0.958095238095238,0.0373234316315211,0.8262664165103188,0.7551594746716698,0.9352720450281424,0.06703347071595822,0.9686653771760154,0.9119922630560928,0.995164410058027,0.03345725077050621,0.2971428571428571,0.1442857142857143,0.4009523809523809,0.09605306073306809,0.3425465365811111,0.2904290429042904,0.3719346049046321,0.03129546557575118
course_1,logistic,MCP,0.9116190476190476,0.87,0.9661904761904762,0.047221675333634514,0.8562851782363976,0.7551594746716698,0.9662288930581614,0.09079929186462098,0.9686653771760154,0.9119922630560928,0.995164410058027,0.03345725077050621,0.25895238095238093,0.1171428571428571,0.3857142857142857,0.12151369565317531,0.3288497205947406,0.2886178861788618,0.3719346049046321,0.03797291742489934
course_2,catboost,EIQ-batch,0.9561467889908257,0.9325688073394496,0.9770642201834864,0.01769655569580298,0.9454836131095125,0.9104716227018386,0.9792166266986412,0.0305769762936794,0.9705059203444565,0.9311087190527448,1.0,0.027775135187171927,0.11110091743119262,0.0564220183486238,0.1720183486238532,0.041150905463340964,0.39605514546679854,0.2921810699588477,0.4878048780487805,0.06958142808160582
course_2,catboost,EQ,0.9516513761467891,0.9077981651376148,0.9770642201834864,0.027158520211884106,0.9553956834532376,0.9104716227018386,0.9832134292565948,0.03366057664072788,0.9466092572658773,0.8805166846071044,0.9913885898815932,0.04318200383571907,0.1295412844036697,0.0564220183486238,0.2646788990825688,0.07898810851062983,0.3832018970380817,0.2921810699588477,0.4878048780487805,0.07243638231153968
course_2,catboost,MCP,0.9516513761467891,0.9077981651376148,0.9770642201834864,0.027158520211884106,0.9553956834532376,0.9104716227018386,0.9832134292565948,0.03366057664072788,0.9466092572658773,0.8805166846071044,0.9913885898815932,0.04318200383571907,0.1295412844036697,0.0564220183486238,0.2646788990825688,0.07898810851062983,0.3832018970380817,0.2921810699588477,0.4878048780487805,0.07243638231153968
course_2,logistic,EIQ-batch,0.9430275229357798,0.8885321100917432,0.9743119266055046,0.03541539896663592,0.9565147881694644,0.9328537170263788,0.9832134292565948,0.020028726954516973,0.9248654467168999,0.8288482238966631,1.0,0.06945827625808307,0.19550458715596325,0.0715596330275229,0.3752293577981651,0.12662312069970744,0.30718499644634745,0.238341968911917,0.3659793814432989,0.05472798264646537
course_2,logistic,EQ,0.9246788990825688,0.9146788990825688,0.9389908256880732,0.009738392744252415,0.9729816147082333,0.9544364508393284,0.9832134292565948,0.011780740800601562,0.8596340150699678,0.8288482238966631,0.8902045209903121,0.027910385924217716,0.281743119266055,0.2399082568807339,0.3059633027522935,0.02882690856391081,0.26686735043220017,0.2527472527472527,0.2788605697151424,0.012376119588901393
course_2,logistic,MCP,0.933211009174312,0.9146788990825688,0.969724770642202,0.022576544508015377,0.9729816147082333,0.9544364508393284,0.9832134292565948,0.011780740800601562,0.8796555435952638,0.8288482238966631,0.9903121636167922,0.06567699982244349,0.24477064220183484,0.0798165137614679,0.3059633027522935,0.09614092355524458,0.28761676775127026,0.2527472527472527,0.3793103448275862,0.052506642258491026
iid,catboost,EIQ-batch,0.9616822429906542,0.9310747663551402,0.977803738317757,0.01983230640458971,0.9625,0.9267241379310344,1.0,0.026333702403630983,0.9607142857142857,0.9362244897959184,0.9948979591836736,0.02242867820442174,0.17289719626168223,0.0981308411214953,0.3072429906542056,0.08222091754555752,0.2185834736688667,0.1862745098039215,0.2515723270440251,0.024597466963748076
iid,catboost,EQ,0.9616822429906542,0.9310747663551402,0.977803738317757,0.01983230640458971,0.9625,0.9267241379310344,1.0,0.026333702403630983,0.9607142857142857,0.9362244897959184,0.9948979591836736,0.02242867820442174,0.17289719626168223,0.0981308411214953,0.3072429906542056,0.08222091754555752,0.2185834736688667,0.1862745098039215,0.2515723270440251,0.024597466963748076
iid,catboost,MCP,0.9616822429906542,0.9310747663551402,0.977803738317757,0.01983230640458971,0.9625,0.9267241379310344,1.0,0.026333702403630983,0.9607142857142857,0.9362244897959184,0.9948979591836736,0.02242867820442174,0.17289719626168223,0.0981308411214953,0.3072429906542056,0.08222091754555752,0.2185834736688667,0.1862745098039215,0.2515723270440251,0.024597466963748076
iid,logistic,EIQ-batch,0.9609813084112149,0.9228971962616822,0.9824766355140186,0.024899900045435717,0.9547413793103449,0.8987068965517241,0.9913793103448276,0.035576668144868956,0.9683673469387756,0.951530612244898,0.9948979591836736,0.016883053171198342,0.15724299065420555,0.0771028037383177,0.2745327102803738,0.08848711078211033,0.24221981580454094,0.2227979274611398,0.2808510638297872,0.022928870283380077
iid,logistic,EQ,0.9537383177570093,0.9228971962616822,0.980140186915888,0.022205482590353418,0.9413793103448276,0.8987068965517241,0.9913793103448276,0.03978030295224829,0.9683673469387756,0.951530612244898,0.9948979591836736,0.016883053171198342,0.17990654205607473,0.0829439252336448,0.2745327102803738,0.0765342960474729,0.2532069881414065,0.2227979274611398,0.2822085889570552,0.02680964897547953
iid,logistic,MCP,0.9537383177570093,0.9228971962616822,0.980140186915888,0.022205482590353418,0.9413793103448276,0.8987068965517241,0.9913793103448276,0.03978030295224829,0.9683673469387756,0.951530612244898,0.9948979591836736,0.016883053171198342,0.17943925233644856,0.0829439252336448,0.2745327102803738,0.07646115051302999,0.25390812749285263,0.2227979274611398,0.2857142857142857,0.027785799774455288
temporal_1,catboost,EIQ-batch,0.9187590187590187,0.8867243867243867,0.9502164502164502,0.025105737051427827,0.9183723797780518,0.8088779284833539,0.9704069050554872,0.06299644446487582,0.9193043478260868,0.8069565217391305,0.9965217391304348,0.07260322812010053,0.22106782106782105,0.158008658008658,0.2936507936507936,0.05437550350054521,0.36845321347559246,0.3150684931506849,0.5181518151815182,0.08571892895034991
temporal_1,catboost,EQ,0.9468975468975469,0.9191919191919192,0.98989898989899,0.026561615697527744,0.9607891491985203,0.938347718865598,0.9852034525277436,0.019581758353741426,0.9273043478260868,0.8469565217391304,0.9965217391304348,0.0578296827911085,0.1655122655122655,0.0281385281385281,0.2582972582972583,0.08526935942145364,0.32838198705663413,0.2939068100358423,0.3611111111111111,0.030058877163898372
temporal_1,catboost,MCP,0.9591630591630592,0.9343434343434344,0.98989898989899,0.024661185961396475,0.9607891491985203,0.938347718865598,0.9852034525277436,0.019581758353741426,0.9568695652173913,0.9043478260869564,0.9965217391304348,0.042142973859787054,0.12467532467532468,0.0281385281385281,0.2012987012987013,0.0783358422974582,0.33781215465439945,0.2939068100358423,0.3611111111111111,0.0313366166385331
temporal_1,logistic,EIQ-batch,0.9082251082251082,0.8513708513708513,0.9487734487734488,0.04376661675702812,0.930209617755857,0.8717632552404438,0.9617755856966708,0.038389128426494494,0.8772173913043477,0.7478260869565218,1.0,0.09950045359017358,0.3024531024531024,0.1269841269841269,0.4725829725829726,0.15183039424054456,0.31464399039364305,0.2617283950617284,0.4034090909090909,0.05338025734086753
temporal_1,logistic,EQ,0.9023088023088024,0.873015873015873,0.9235209235209236,0.025931904277870715,0.9716399506781752,0.9432799013563502,0.996300863131936,0.02321599307492327,0.8045217391304348,0.7478260869565218,0.8695652173913043,0.045874819398232125,0.35497835497835495,0.2922077922077922,0.4372294372294372,0.0696911436712453,0.27234213140677016,0.2529832935560859,0.2947189097103918,0.018876811724612714
temporal_1,logistic,MCP,0.9092352092352092,0.873015873015873,0.9408369408369408,0.02666821269482503,0.9775585696670778,0.9617755856966708,0.996300863131936,0.017161053931153483,0.8128695652173914,0.7478260869565218,0.8695652173913043,0.05320147531248858,0.3349206349206349,0.2402597402597402,0.4372294372294372,0.07749569356250732,0.2678561834484167,0.2462462462462462,0.2904290429042904,0.017138442559966934
temporal_2,catboost,EIQ-batch,0.8601858470335955,0.7848463187991422,0.9949964260185848,0.08037819842474436,0.9826771653543307,0.968503937007874,0.9908136482939632,0.009063672782064073,0.713657770800628,0.543171114599686,1.0,0.17314267734318395,0.4434596140100071,0.0264474624731951,0.6468906361686919,0.24157608220868562,0.2900947781459463,0.1891891891891892,0.3328767123287671,0.05940719213903307
temporal_2,catboost,EQ,0.8287348105789849,0.7848463187991422,0.8634739099356683,0.02937456173177645,0.9879265091863518,0.979002624671916,0.994750656167979,0.005824761422879814,0.6383045525902669,0.543171114599686,0.7252747252747253,0.06653497570153305,0.5308077197998571,0.4703359542530378,0.6468906361686919,0.07185676064918496,0.32162360637328824,0.2885196374622356,0.3328767123287671,0.018741535756825436
temporal_2,catboost,MCP,0.8287348105789849,0.7848463187991422,0.8634739099356683,0.02937456173177645,0.9879265091863518,0.979002624671916,0.994750656167979,0.005824761422879814,0.6383045525902669,0.543171114599686,0.7252747252747253,0.06653497570153305,0.5308077197998571,0.4703359542530378,0.6468906361686919,0.07185676064918496,0.32162360637328824,0.2885196374622356,0.3328767123287671,0.018741535756825436
temporal_2,logistic,EIQ-batch,0.8178699070764832,0.775553967119371,0.8620443173695497,0.03491690217700353,0.9656167979002624,0.9068241469816272,1.0,0.03743494390235245,0.6411302982731554,0.5620094191522763,0.7551020408163265,0.07177362445009462,0.5761258041458184,0.5039313795568263,0.6854896354538956,0.07772896058231431,0.3144317044027793,0.2737588652482269,0.3325766174801362,0.024694737442862432
temporal_2,logistic,EQ,0.8440314510364546,0.8162973552537527,0.8920657612580415,0.029775362329166184,0.9829396325459318,0.9514435695538058,1.0,0.018858409269291204,0.6778649921507064,0.6153846153846154,0.7708006279434851,0.05890004450894407,0.5136526090064331,0.3874195854181558,0.6047176554681916,0.0787600417976321,0.3022113417068471,0.2785977859778598,0.330188679245283,0.01950123939531999
temporal_2,logistic,MCP,0.8440314510364546,0.8162973552537527,0.8920657612580415,0.029775362329166184,0.9829396325459318,0.9514435695538058,1.0,0.018858409269291204,0.6778649921507064,0.6153846153846154,0.7708006279434851,0.05890004450894407,0.5133666904932095,0.3874195854181558,0.6047176554681916,0.07868670206426832,0.3023898220740067,0.2785977859778598,0.3310810810810811,0.01982274269244569
