setting,model,method,zero_activity,n_test,n_fail,failure_rate,observed_coverage,pass_coverage,fail_coverage,automatic_coverage,automatic_error_rate,average_set_size,empty_set_rate,ambiguity_rate,n_automatic
course_1,catboost,EIQ-batch,0,2031.0,991.0,0.4879369768586903,0.9370753323485967,0.9048076923076923,0.970938446014127,0.17331363860167406,0.35802867877338473,1.8266863613983257,0.0,0.826686361398326,352.0
course_1,catboost,EIQ-batch,1,69.0,43.0,0.6231884057971014,1.0,1.0,1.0,0.0,,2.0,0.0,1.0,0.0
course_1,catboost,EQ,0,2031.0,991.0,0.4879369768586903,0.9281142294436238,0.8765384615384615,0.9822401614530778,0.18975873953717382,0.3691829518033515,1.8102412604628264,0.0,0.8102412604628263,385.4
course_1,catboost,EQ,1,69.0,43.0,0.6231884057971014,1.0,1.0,1.0,0.0,,2.0,0.0,1.0,0.0
course_1,catboost,MCP,0,2031.0,991.0,0.4879369768586903,0.9281142294436238,0.8765384615384615,0.9822401614530778,0.18975873953717382,0.3691829518033515,1.8102412604628264,0.0,0.8102412604628263,385.4
course_1,catboost,MCP,1,69.0,43.0,0.6231884057971014,1.0,1.0,1.0,0.0,,2.0,0.0,1.0,0.0
course_1,logistic,EIQ-batch,0,2031.0,991.0,0.4879369768586903,0.9218119153126538,0.946923076923077,0.8954591321897073,0.2398818316100443,0.3281293332703278,1.7601181683899558,0.0,0.7601181683899557,487.2
course_1,logistic,EIQ-batch,1,69.0,43.0,0.6231884057971014,1.0,1.0,1.0,0.0,,2.0,0.0,1.0,0.0
course_1,logistic,EQ,0,2031.0,991.0,0.4879369768586903,0.8928606597735106,0.821923076923077,0.9673057517658931,0.3072378138847858,0.3425465365811111,1.692762186115214,0.0,0.6927621861152142,624.0
course_1,logistic,EQ,1,69.0,43.0,0.6231884057971014,1.0,1.0,1.0,0.0,,2.0,0.0,1.0,0.0
course_1,logistic,MCP,0,2031.0,991.0,0.4879369768586903,0.9086164451009354,0.8526923076923076,0.9673057517658931,0.2677498769079271,0.3288497205947406,1.7322501230920728,0.0,0.7322501230920728,543.8
course_1,logistic,MCP,1,69.0,43.0,0.6231884057971014,1.0,1.0,1.0,0.0,,2.0,0.0,1.0,0.0
course_2,catboost,EIQ-batch,0,2112.0,892.0,0.42234848484848486,0.9547348484848485,0.9440983606557378,0.9692825112107624,0.1146780303030303,0.39605514546679854,1.8853219696969696,0.0,0.8853219696969697,242.2
course_2,catboost,EIQ-batch,1,68.0,37.0,0.5441176470588235,1.0,1.0,1.0,0.0,,2.0,0.0,1.0,0.0
course_2,catboost,EQ,0,2112.0,892.0,0.42234848484848486,0.9500946969696968,0.9542622950819671,0.9443946188340806,0.1337121212121212,0.3832018970380817,1.866287878787879,0.0,0.8662878787878787,282.4
course_2,catboost,EQ,1,68.0,37.0,0.5441176470588235,1.0,1.0,1.0,0.0,,2.0,0.0,1.0,0.0
course_2,catboost,MCP,0,2112.0,892.0,0.42234848484848486,0.9500946969696968,0.9542622950819671,0.9443946188340806,0.1337121212121212,0.3832018970380817,1.866287878787879,0.0,0.8662878787878787,282.4
course_2,catboost,MCP,1,68.0,37.0,0.5441176470588235,1.0,1.0,1.0,0.0,,2.0,0.0,1.0,0.0
course_2,logistic,EIQ-batch,0,2112.0,892.0,0.42234848484848486,0.9470643939393939,0.9655737704918032,0.9217488789237669,0.18892045454545453,0.29498922936245586,1.8110795454545454,0.0,0.8110795454545455,399.0
course_2,logistic,EIQ-batch,1,68.0,37.0,0.5441176470588235,0.8176470588235294,0.6,1.0,0.4,0.3061896400351185,1.6,0.0,0.6,27.2
course_2,logistic,EQ,0,2112.0,892.0,0.42234848484848486,0.9222537878787879,0.9722950819672131,0.8538116591928251,0.290625,0.2670485261010622,1.709375,0.0,0.709375,613.8
course_2,logistic,EQ,1,68.0,37.0,0.5441176470588235,1.0,1.0,1.0,0.0058823529411764705,0.0,1.9941176470588236,0.0,0.9941176470588236,0.4
course_2,logistic,MCP,0,2112.0,892.0,0.42234848484848486,0.931060606060606,0.9722950819672131,0.8746636771300448,0.2524621212121212,0.2877979434201323,1.7475378787878788,0.0,0.7475378787878788,533.2
course_2,logistic,MCP,1,68.0,37.0,0.5441176470588235,1.0,1.0,1.0,0.0058823529411764705,0.0,1.9941176470588236,0.0,0.9941176470588236,0.4
iid,catboost,EIQ-batch,0,831.0,381.0,0.4584837545126354,0.9605294825511432,0.9613333333333334,0.9595800524934383,0.17809867629362214,0.2185834736688667,1.8219013237063777,0.0,0.8219013237063779,148.0
iid,catboost,EIQ-batch,1,25.0,11.0,0.44000000000000006,1.0,1.0,1.0,0.0,,2.0,0.0,1.0,0.0
iid,catboost,EQ,0,831.0,381.0,0.4584837545126354,0.9605294825511432,0.9613333333333334,0.9595800524934383,0.17809867629362214,0.2185834736688667,1.8219013237063777,0.0,0.8219013237063779,148.0
iid,catboost,EQ,1,25.0,11.0,0.44000000000000006,1.0,1.0,1.0,0.0,,2.0,0.0,1.0,0.0
iid,catboost,MCP,0,831.0,381.0,0.4584837545126354,0.9605294825511432,0.9613333333333334,0.9595800524934383,0.17809867629362214,0.2185834736688667,1.8219013237063777,0.0,0.8219013237063779,148.0
iid,catboost,MCP,1,25.0,11.0,0.44000000000000006,1.0,1.0,1.0,0.0,,2.0,0.0,1.0,0.0
iid,logistic,EIQ-batch,0,831.0,381.0,0.4584837545126354,0.9631768953068592,0.9595555555555556,0.9674540682414697,0.155956678700361,0.2355734125623931,1.844043321299639,0.0,0.8440433212996389,129.6
iid,logistic,EIQ-batch,1,25.0,11.0,0.44000000000000006,0.8879999999999999,0.8,1.0,0.2,0.56,1.8,0.0,0.8,5.0
iid,logistic,EQ,0,831.0,381.0,0.4584837545126354,0.9590854392298436,0.952,0.9674540682414697,0.17328519855595667,0.23649567870205052,1.8267148014440433,0.0,0.8267148014440433,144.0
iid,logistic,EQ,1,25.0,11.0,0.44000000000000006,0.776,0.6,1.0,0.4,0.56,1.6,0.0,0.6,10.0
iid,logistic,MCP,0,831.0,381.0,0.4584837545126354,0.9590854392298436,0.952,0.9674540682414697,0.17280385078219013,0.2371776906372594,1.82719614921781,0.0,0.8271961492178098,143.6
iid,logistic,MCP,1,25.0,11.0,0.44000000000000006,0.776,0.6,1.0,0.4,0.56,1.6,0.0,0.6,10.0
temporal_1,catboost,EIQ-batch,0,1338.0,546.0,0.4080717488789237,0.9158445440956651,0.9164141414141413,0.915018315018315,0.2289985052316891,0.3684532134755924,1.771001494768311,0.0,0.7710014947683109,306.4
temporal_1,catboost,EIQ-batch,1,48.0,29.0,0.6041666666666666,1.0,1.0,1.0,0.0,,2.0,0.0,1.0,0.0
temporal_1,catboost,EQ,0,1338.0,546.0,0.4080717488789237,0.9449925261584454,0.9598484848484847,0.9234432234432234,0.17144992526158445,0.32838198705663413,1.8285500747384156,0.0,0.8285500747384156,229.4
temporal_1,catboost,EQ,1,48.0,29.0,0.6041666666666666,1.0,1.0,1.0,0.0,,2.0,0.0,1.0,0.0
temporal_1,catboost,MCP,0,1338.0,546.0,0.4080717488789237,0.9576980568011958,0.9598484848484847,0.9545787545787545,0.12914798206278028,0.33781215465439945,1.8708520179372197,0.0,0.8708520179372197,172.8
temporal_1,catboost,MCP,1,48.0,29.0,0.6041666666666666,1.0,1.0,1.0,0.0,,2.0,0.0,1.0,0.0
temporal_1,logistic,EIQ-batch,0,1338.0,546.0,0.4080717488789237,0.9049327354260089,0.9285353535353537,0.8706959706959708,0.3133034379671151,0.3146439903936431,1.6866965620328849,0.0,0.6866965620328849,419.2
temporal_1,logistic,EIQ-batch,1,48.0,29.0,0.6041666666666666,1.0,1.0,1.0,0.0,,2.0,0.0,1.0,0.0
temporal_1,logistic,EQ,0,1338.0,546.0,0.4080717488789237,0.8988041853512705,0.970959595959596,0.7941391941391942,0.36771300448430494,0.27234213140677016,1.632286995515695,0.0,0.6322869955156951,492.0
temporal_1,logistic,EQ,1,48.0,29.0,0.6041666666666666,1.0,1.0,1.0,0.0,,2.0,0.0,1.0,0.0
temporal_1,logistic,MCP,0,1338.0,546.0,0.4080717488789237,0.9059790732436472,0.9770202020202021,0.802930402930403,0.34693572496263075,0.2678561834484168,1.653064275037369,0.0,0.6530642750373692,464.2
temporal_1,logistic,MCP,1,48.0,29.0,0.6041666666666666,1.0,1.0,1.0,0.0,,2.0,0.0,1.0,0.0
temporal_2,catboost,EIQ-batch,0,1385.0,625.0,0.4512635379061372,0.8587725631768952,0.9826315789473684,0.70816,0.44794223826714796,0.2900947781459463,1.552057761732852,0.0,0.552057761732852,620.4
temporal_2,catboost,EIQ-batch,1,14.0,12.0,0.8571428571428571,1.0,1.0,1.0,0.0,,2.0,0.0,1.0,0.0
temporal_2,catboost,EQ,0,1385.0,625.0,0.4512635379061372,0.8270036101083033,0.9878947368421052,0.63136,0.5361732851985559,0.32162360637328824,1.463826714801444,0.0,0.46382671480144405,742.6
temporal_2,catboost,EQ,1,14.0,12.0,0.8571428571428571,1.0,1.0,1.0,0.0,,2.0,0.0,1.0,0.0
temporal_2,catboost,MCP,0,1385.0,625.0,0.4512635379061372,0.8270036101083033,0.9878947368421052,0.63136,0.5361732851985559,0.32162360637328824,1.463826714801444,0.0,0.46382671480144405,742.6
temporal_2,catboost,MCP,1,14.0,12.0,0.8571428571428571,1.0,1.0,1.0,0.0,,2.0,0.0,1.0,0.0
temporal_2,logistic,EIQ-batch,0,1385.0,625.0,0.4512635379061372,0.816028880866426,0.9655263157894737,0.6342399999999999,0.5819494584837546,0.31443170440277934,1.4180505415162454,0.0,0.4180505415162455,806.0
temporal_2,logistic,EIQ-batch,1,14.0,12.0,0.8571428571428571,1.0,1.0,1.0,0.0,,2.0,0.0,1.0,0.0
temporal_2,logistic,EQ,0,1385.0,625.0,0.4512635379061372,0.8424548736462094,0.9828947368421053,0.67168,0.5188447653429603,0.3022113417068471,1.4811552346570396,0.0,0.4811552346570397,718.6
temporal_2,logistic,EQ,1,14.0,12.0,0.8571428571428571,1.0,1.0,1.0,0.0,,2.0,0.0,1.0,0.0
temporal_2,logistic,MCP,0,1385.0,625.0,0.4512635379061372,0.8424548736462094,0.9828947368421053,0.67168,0.5185559566787004,0.3023898220740067,1.4814440433212996,0.0,0.48144404332129964,718.2
temporal_2,logistic,MCP,1,14.0,12.0,0.8571428571428571,1.0,1.0,1.0,0.0,,2.0,0.0,1.0,0.0
